ARO Accession	CVTERM ID
ARO:3005099	43314
ARO:3002523	38923
ARO:3002524	38924
ARO:3002525	38925
ARO:3002526	38926
ARO:3002527	38927
ARO:3004628	42613
ARO:3003988	40870
ARO:3002528	38928
ARO:3002530	38930
ARO:3002600	39000
ARO:3002531	38931
ARO:3002529	38929
ARO:3002533	38933
ARO:3002534	38934
ARO:3002535	38935
ARO:3004623	42605
ARO:3004621	42600
ARO:3005085	43296
ARO:3002536	38936
ARO:3002537	38937
ARO:3002538	38938
ARO:3002539	38939
ARO:3005061	43265
ARO:3002543	38943
ARO:3002540	38940
ARO:3002541	38941
ARO:3002542	38942
ARO:3002544	38944
ARO:3002583	38983
ARO:3002584	38984
ARO:3002599	38999
ARO:3002585	38985
ARO:3002586	38986
ARO:3003989	40871
ARO:3002588	38988
ARO:3002587	38987
ARO:3004641	42650
ARO:3004638	42632
ARO:3002545	38945
ARO:3002571	38971
ARO:3002572	38972
ARO:3002573	38973
ARO:3002574	38974
ARO:3002575	38975
ARO:3003677	40309
ARO:3003199	39782
ARO:3003200	39784
ARO:3007204	45948
ARO:3002546	38946
ARO:3003676	40308
ARO:3002581	38981
ARO:3002582	38982
ARO:3002576	38976
ARO:3002577	38977
ARO:3002578	38978
ARO:3002579	38979
ARO:3002580	38980
ARO:3002547	38947
ARO:3007770	46553
ARO:3007771	46554
ARO:3005112	43327
ARO:3005114	43329
ARO:3005115	43331
ARO:3005116	43332
ARO:3005117	43333
ARO:3005118	43334
ARO:3005119	43335
ARO:3002592	38992
ARO:3002593	38993
ARO:3002591	38991
ARO:3002549	38949
ARO:3002597	38997
ARO:3002553	38953
ARO:3002554	38954
ARO:3002555	38955
ARO:3002556	38956
ARO:3002594	38994
ARO:3002595	38995
ARO:3002596	38996
ARO:3002589	38989
ARO:3002590	38990
ARO:3002557	38957
ARO:3002558	38958
ARO:3004635	42624
ARO:3004629	42615
ARO:3002559	38959
ARO:3002560	38960
ARO:3002561	38961
ARO:3002562	38962
ARO:3002563	38963
ARO:3002564	38964
ARO:3002565	38965
ARO:3002566	38966
ARO:3002567	38967
ARO:3002568	38968
ARO:3002569	38969
ARO:3002570	38970
ARO:3002628	39028
ARO:3002601	39001
ARO:3004692	42744
ARO:3002611	39011
ARO:3002612	39012
ARO:3002613	39013
ARO:3002614	39014
ARO:3002615	39015
ARO:3002616	39016
ARO:3002617	39017
ARO:3002602	39002
ARO:3002618	39018
ARO:3002619	39019
ARO:3002620	39020
ARO:3002621	39021
ARO:3003197	39780
ARO:3004682	42731
ARO:3002603	39003
ARO:3002604	39004
ARO:3002605	39005
ARO:3002606	39006
ARO:3002622	39022
ARO:3002607	39007
ARO:3002608	39008
ARO:3004704	42757
ARO:3002609	39009
ARO:3002627	39027
ARO:3004683	42732
ARO:3007669	46449
ARO:3006863	45325
ARO:3003942	40695
ARO:3000753	37133
ARO:3000768	37148
ARO:3001815	38215
ARO:3006228	44690
ARO:3006229	44691
ARO:3006230	44692
ARO:3006231	44693
ARO:3001816	38216
ARO:3001817	38217
ARO:3001818	38218
ARO:3001819	38219
ARO:3006232	44694
ARO:3006233	44695
ARO:3004359	41531
ARO:3004573	42487
ARO:3004574	42490
ARO:3004578	42502
ARO:3003796	40481
ARO:3004577	42497
ARO:3003817	40507
ARO:3003809	40495
ARO:3003818	40508
ARO:3000216	36355
ARO:3000491	36630
ARO:3000499	36638
ARO:3000502	36641
ARO:3000656	37000
ARO:3001821	38221
ARO:3001832	38232
ARO:3001834	38234
ARO:3001835	38235
ARO:3001836	38236
ARO:3001837	38237
ARO:3001827	38227
ARO:3001838	38238
ARO:3001839	38239
ARO:3001840	38240
ARO:3001822	38222
ARO:3001841	38241
ARO:3001842	38242
ARO:3001843	38243
ARO:3001828	38228
ARO:3001844	38244
ARO:3001845	38245
ARO:3001847	38247
ARO:3001848	38248
ARO:3001849	38249
ARO:3001823	38223
ARO:3001850	38250
ARO:3001851	38251
ARO:3001852	38252
ARO:3001853	38253
ARO:3001854	38254
ARO:3001855	38255
ARO:3003171	39748
ARO:3003172	39749
ARO:3003655	40265
ARO:3006234	44696
ARO:3001829	38229
ARO:3006235	44697
ARO:3006236	44698
ARO:3006237	44699
ARO:3006238	44700
ARO:3006239	44701
ARO:3006240	44702
ARO:3006241	44703
ARO:3006242	44704
ARO:3006243	44705
ARO:3006244	44706
ARO:3001824	38224
ARO:3006245	44707
ARO:3006246	44708
ARO:3006247	44709
ARO:3006248	44710
ARO:3006249	44711
ARO:3006250	44712
ARO:3006251	44713
ARO:3006252	44714
ARO:3006253	44715
ARO:3006254	44716
ARO:3001825	38225
ARO:3006255	44717
ARO:3006256	44718
ARO:3006257	44719
ARO:3006258	44720
ARO:3006259	44721
ARO:3006260	44722
ARO:3006261	44723
ARO:3006262	44724
ARO:3006263	44725
ARO:3006264	44726
ARO:3001830	38230
ARO:3006265	44727
ARO:3006266	44728
ARO:3006267	44729
ARO:3006268	44730
ARO:3006269	44731
ARO:3006270	44732
ARO:3006271	44733
ARO:3006272	44734
ARO:3006273	44735
ARO:3001831	38231
ARO:3006274	44736
ARO:3006275	44737
ARO:3006276	44738
ARO:3006277	44739
ARO:3006278	44740
ARO:3006279	44741
ARO:3001826	38226
ARO:3003847	40544
ARO:3003855	40554
ARO:3006280	44742
ARO:3006281	44743
ARO:3006282	44744
ARO:3006283	44745
ARO:3006284	44746
ARO:3006285	44747
ARO:3006286	44748
ARO:3006287	44749
ARO:3006288	44750
ARO:3004615	42582
ARO:3006289	44751
ARO:3006290	44752
ARO:3006291	44753
ARO:3006292	44754
ARO:3006293	44755
ARO:3006294	44756
ARO:3006295	44757
ARO:3006296	44758
ARO:3003856	40555
ARO:3006297	44759
ARO:3006298	44760
ARO:3006299	44761
ARO:3006300	44762
ARO:3006301	44763
ARO:3006302	44764
ARO:3006303	44765
ARO:3006304	44766
ARO:3003857	40556
ARO:3006305	44767
ARO:3006306	44768
ARO:3006307	44769
ARO:3006308	44770
ARO:3006309	44771
ARO:3006310	44772
ARO:3006311	44773
ARO:3006312	44774
ARO:3006313	44775
ARO:3006314	44776
ARO:3003858	40557
ARO:3006315	44777
ARO:3006316	44778
ARO:3006317	44779
ARO:3006318	44780
ARO:3006319	44781
ARO:3006320	44782
ARO:3006321	44783
ARO:3006322	44784
ARO:3006323	44785
ARO:3003859	40558
ARO:3006324	44786
ARO:3006325	44787
ARO:3006326	44788
ARO:3006327	44789
ARO:3006328	44790
ARO:3006329	44791
ARO:3006330	44792
ARO:3006331	44793
ARO:3006332	44794
ARO:3005037	43235
ARO:3003860	40559
ARO:3006333	44795
ARO:3006334	44796
ARO:3006335	44797
ARO:3006336	44798
ARO:3006337	44799
ARO:3006338	44800
ARO:3006339	44801
ARO:3006340	44802
ARO:3006341	44803
ARO:3003861	40560
ARO:3006342	44804
ARO:3006343	44805
ARO:3006344	44806
ARO:3006345	44807
ARO:3006346	44808
ARO:3006347	44809
ARO:3006348	44810
ARO:3006349	44811
ARO:3006350	44812
ARO:3006351	44813
ARO:3003862	40561
ARO:3006352	44814
ARO:3005244	43600
ARO:3005245	43601
ARO:3005246	43602
ARO:3006353	44815
ARO:3006354	44816
ARO:3006355	44817
ARO:3006356	44818
ARO:3006357	44819
ARO:3006358	44820
ARO:3003863	40562
ARO:3006359	44821
ARO:3006360	44822
ARO:3006361	44823
ARO:3006362	44824
ARO:3006363	44825
ARO:3006364	44826
ARO:3006365	44827
ARO:3006366	44828
ARO:3006367	44829
ARO:3006368	44830
ARO:3003848	40545
ARO:3003864	40563
ARO:3006369	44831
ARO:3006370	44832
ARO:3006371	44833
ARO:3006372	44834
ARO:3006373	44835
ARO:3006374	44836
ARO:3006375	44837
ARO:3006376	44838
ARO:3006377	44839
ARO:3006378	44840
ARO:3003865	40564
ARO:3006379	44841
ARO:3006380	44842
ARO:3006381	44843
ARO:3006382	44844
ARO:3006383	44845
ARO:3006384	44846
ARO:3006385	44847
ARO:3006386	44848
ARO:3006387	44849
ARO:3006388	44850
ARO:3003866	40565
ARO:3006389	44851
ARO:3006390	44852
ARO:3006391	44853
ARO:3006392	44854
ARO:3006393	44855
ARO:3006394	44856
ARO:3006395	44857
ARO:3006396	44858
ARO:3006397	44859
ARO:3006398	44860
ARO:3003867	40566
ARO:3006399	44861
ARO:3006400	44862
ARO:3006401	44863
ARO:3006402	44864
ARO:3006403	44865
ARO:3006404	44866
ARO:3006405	44867
ARO:3006406	44868
ARO:3006407	44869
ARO:3006408	44870
ARO:3006409	44871
ARO:3006410	44872
ARO:3006411	44873
ARO:3006412	44874
ARO:3006413	44875
ARO:3006414	44876
ARO:3006415	44877
ARO:3006416	44878
ARO:3006417	44879
ARO:3006418	44880
ARO:3006419	44881
ARO:3003868	40567
ARO:3006420	44882
ARO:3006421	44883
ARO:3006422	44884
ARO:3006423	44885
ARO:3006424	44886
ARO:3006425	44887
ARO:3006426	44888
ARO:3006427	44889
ARO:3003849	40547
ARO:3004617	42587
ARO:3003870	40569
ARO:3006428	44890
ARO:3006429	44891
ARO:3006430	44892
ARO:3003871	40570
ARO:3003850	40548
ARO:3003872	40571
ARO:3003873	40572
ARO:3003874	40573
ARO:3003876	40575
ARO:3003851	40549
ARO:3006431	44893
ARO:3006432	44894
ARO:3006433	44895
ARO:3006434	44896
ARO:3003878	40577
ARO:3006435	44897
ARO:3004618	42588
ARO:3004619	42591
ARO:3003852	40551
ARO:3004620	42592
ARO:3003879	40578
ARO:3004632	42621
ARO:3006436	44898
ARO:3006437	44899
ARO:3006438	44900
ARO:3004633	42622
ARO:3004493	42027
ARO:3003853	40552
ARO:3006439	44901
ARO:3004634	42623
ARO:3003880	40579
ARO:3003881	40580
ARO:3003882	40581
ARO:3003883	40582
ARO:3003884	40583
ARO:3003885	40584
ARO:3003854	40553
ARO:3003886	40585
ARO:3003887	40586
ARO:3003888	40587
ARO:3006440	44902
ARO:3006441	44903
ARO:3006442	44904
ARO:3006443	44905
ARO:3006444	44906
ARO:3006445	44907
ARO:3006446	44908
ARO:3006447	44909
ARO:3006448	44910
ARO:3006449	44911
ARO:3006450	44912
ARO:3006451	44913
ARO:3006452	44914
ARO:3006453	44915
ARO:3006454	44916
ARO:3006455	44917
ARO:3006456	44918
ARO:3000774	37154
ARO:3000775	37155
ARO:3003811	40499
ARO:3000777	37157
ARO:3000778	37158
ARO:3000779	37159
ARO:3000780	37160
ARO:3000781	37161
ARO:3000782	37162
ARO:3000620	36962
ARO:3000559	36698
ARO:3000553	36692
ARO:3000549	36688
ARO:3002481	38881
ARO:3006890	45352
ARO:3006891	45353
ARO:3004451	41662
ARO:3000853	37233
ARO:3006892	45354
ARO:3006893	45355
ARO:3006894	45356
ARO:3006895	45357
ARO:3004452	41663
ARO:3007433	46189
ARO:3007431	46187
ARO:3004364	41538
ARO:3002982	39416
ARO:3002983	39417
ARO:3007694	46481
ARO:3006896	45358
ARO:3000230	36369
ARO:3005062	43266
ARO:3004089	41195
ARO:3002598	38998
ARO:3004090	41196
ARO:3004091	41197
ARO:3002623	39023
ARO:3003905	40608
ARO:3002624	39024
ARO:3002625	39025
ARO:3002626	39026
ARO:3002629	39029
ARO:3002630	39030
ARO:3007401	46152
ARO:3007515	46284
ARO:3002634	39034
ARO:3004191	41355
ARO:3002669	39069
ARO:3002635	39035
ARO:3002636	39036
ARO:3002637	39037
ARO:3002638	39038
ARO:3002641	39041
ARO:3002639	39039
ARO:3002642	39042
ARO:3002640	39040
ARO:3002644	39044
ARO:3002645	39045
ARO:3002646	39046
ARO:3002647	39047
ARO:3002648	39048
ARO:3004087	41192
ARO:3002649	39049
ARO:3002650	39050
ARO:3002651	39051
ARO:3002652	39052
ARO:3002653	39053
ARO:3002654	39054
ARO:3004680	42729
ARO:3004086	41190
ARO:3002655	39055
ARO:3002656	39056
ARO:3002657	39057
ARO:3002658	39058
ARO:3002659	39059
ARO:3002660	39060
ARO:3002661	39061
ARO:3002662	39062
ARO:3002663	39063
ARO:3007539	46310
ARO:3004675	42723
ARO:3003918	40626
ARO:3002993	39427
ARO:3004647	42664
ARO:3004648	42665
ARO:3004734	42843
ARO:3004735	42845
ARO:3004736	42846
ARO:3004737	42847
ARO:3004738	42848
ARO:3004739	42849
ARO:3000838	37218
ARO:3000839	37219
ARO:3000858	37238
ARO:3004056	41121
ARO:3002985	39419
ARO:3005053	43254
ARO:3002846	39280
ARO:3002847	39281
ARO:3002848	39282
ARO:3002849	39283
ARO:3002850	39284
ARO:3002852	39286
ARO:3002853	39287
ARO:3004740	42850
ARO:3006897	45359
ARO:3006898	45360
ARO:3006899	45361
ARO:3006900	45362
ARO:3006901	45363
ARO:3004143	41272
ARO:3004144	41273
ARO:3004145	41274
ARO:3002986	39420
ARO:3002672	39106
ARO:3003324	39908
ARO:3003788	40473
ARO:3007073	45635
ARO:3007527	46298
ARO:3000828	37208
ARO:3000829	37209
ARO:3003984	40866
ARO:3003297	39881
ARO:3003302	39886
ARO:3003582	40192
ARO:3003583	40193
ARO:3004747	42858
ARO:3002877	39311
ARO:3002878	39312
ARO:3007101	45668
ARO:3004749	42861
ARO:3003801	40486
ARO:3002987	39421
ARO:3002988	39422
ARO:3003250	39834
ARO:3002385	38785
ARO:3002386	38786
ARO:3002387	38787
ARO:3006154	44616
ARO:3004751	42863
ARO:3004753	42865
ARO:3004480	41743
ARO:3003730	40419
ARO:3004755	42867
ARO:3000856	37236
ARO:3004757	42869
ARO:3006223	44685
ARO:3000090	36229
ARO:3004189	41353
ARO:3005522	43984
ARO:3005523	43985
ARO:3005524	43986
ARO:3005525	43987
ARO:3005526	43988
ARO:3005527	43989
ARO:3005528	43990
ARO:3005529	43991
ARO:3005530	43992
ARO:3005531	43993
ARO:3005532	43994
ARO:3005533	43995
ARO:3005534	43996
ARO:3005535	43997
ARO:3005536	43998
ARO:3005537	43999
ARO:3005538	44000
ARO:3005539	44001
ARO:3005540	44002
ARO:3005541	44003
ARO:3005542	44004
ARO:3005543	44005
ARO:3005544	44006
ARO:3005545	44007
ARO:3005546	44008
ARO:3005547	44009
ARO:3005548	44010
ARO:3005549	44011
ARO:3005550	44012
ARO:3005551	44013
ARO:3005552	44014
ARO:3005553	44015
ARO:3005554	44016
ARO:3005555	44017
ARO:3005556	44018
ARO:3005557	44019
ARO:3007182	45921
ARO:3003562	40169
ARO:3000160	36299
ARO:3000217	36356
ARO:3005111	43326
ARO:3005036	43234
ARO:3003006	39440
ARO:3003007	39441
ARO:3003504	40106
ARO:3003503	40105
ARO:3003502	40104
ARO:3003777	40454
ARO:3004759	42871
ARO:3004133	41260
ARO:3004761	42874
ARO:3004762	42875
ARO:3001205	37586
ARO:3003772	40445
ARO:3006902	45364
ARO:3004860	42996
ARO:3004123	41248
ARO:3004294	41460
ARO:3005558	44020
ARO:3007635	46409
ARO:3004559	42465
ARO:3004454	41665
ARO:3004546	42445
ARO:3003789	40474
ARO:3003931	40641
ARO:3006903	45365
ARO:3002817	39251
ARO:3002240	38640
ARO:3002249	38649
ARO:3005559	44021
ARO:3002250	38650
ARO:3002252	38652
ARO:3002255	38655
ARO:3002254	38654
ARO:3003174	39751
ARO:3003175	39752
ARO:3002241	38641
ARO:3003150	39727
ARO:3003176	39753
ARO:3003151	39728
ARO:3003186	39763
ARO:3005560	44022
ARO:3005561	44023
ARO:3005562	44024
ARO:3005563	44025
ARO:3005564	44026
ARO:3005565	44027
ARO:3002242	38642
ARO:3005566	44028
ARO:3005567	44029
ARO:3005568	44030
ARO:3005569	44031
ARO:3005570	44032
ARO:3005571	44033
ARO:3005572	44034
ARO:3005573	44035
ARO:3002243	38643
ARO:3005574	44036
ARO:3005575	44037
ARO:3005576	44038
ARO:3005577	44039
ARO:3005578	44040
ARO:3005579	44041
ARO:3005580	44042
ARO:3005581	44043
ARO:3005582	44044
ARO:3005583	44045
ARO:3002244	38644
ARO:3005584	44046
ARO:3005585	44047
ARO:3005586	44048
ARO:3005587	44049
ARO:3005588	44050
ARO:3005589	44051
ARO:3007803	46589
ARO:3007836	46623
ARO:3007837	46625
ARO:3002245	38645
ARO:3002246	38646
ARO:3002247	38647
ARO:3002248	38648
ARO:3003808	40493
ARO:3002683	39117
ARO:3004657	42696
ARO:3004658	42697
ARO:3003110	39686
ARO:3004660	42699
ARO:3002675	39109
ARO:3002676	39110
ARO:3002680	39114
ARO:3002681	39115
ARO:3002684	39118
ARO:3004656	42694
ARO:3002685	39119
ARO:3002686	39120
ARO:3002687	39121
ARO:3002688	39122
ARO:3003983	40865
ARO:3004357	41525
ARO:3000855	37235
ARO:3002999	39433
ARO:3004764	42878
ARO:3000578	36717
ARO:3007650	46427
ARO:3006904	45366
ARO:3006905	45367
ARO:3003835	40526
ARO:3003009	39443
ARO:3003010	39444
ARO:3003559	40165
ARO:3006224	44686
ARO:3006225	44687
ARO:3006226	44688
ARO:3003553	40156
ARO:3001856	38256
ARO:3004464	41680
ARO:3006906	45368
ARO:3006907	45369
ARO:3006908	45370
ARO:3006909	45371
ARO:3006910	45372
ARO:3006911	45373
ARO:3006912	45374
ARO:3006913	45375
ARO:3006914	45376
ARO:3006915	45377
ARO:3006916	45378
ARO:3006917	45379
ARO:3006918	45380
ARO:3006919	45381
ARO:3006920	45382
ARO:3006921	45383
ARO:3003441	40028
ARO:3004649	42670
ARO:3004146	41275
ARO:3005021	43212
ARO:3005023	43214
ARO:3003001	39435
ARO:3003002	39436
ARO:3003003	39437
ARO:3003005	39439
ARO:3003096	39649
ARO:3003097	39650
ARO:3004766	42880
ARO:3000841	37221
ARO:3004174	41325
ARO:3003785	40469
ARO:3003978	40814
ARO:3004132	41259
ARO:3003485	40087
ARO:3001302	37701
ARO:3000579	36718
ARO:3004768	42882
ARO:3004769	42884
ARO:3004770	42885
ARO:3004771	42886
ARO:3007840	46629
ARO:3003907	40612
ARO:3004773	42888
ARO:3002814	39248
ARO:3002815	39249
ARO:3002816	39250
ARO:3004599	42532
ARO:3004654	42686
ARO:3007637	46412
ARO:3003357	39941
ARO:3003995	40901
ARO:3004562	42469
ARO:3004561	42467
ARO:3007671	46451
ARO:3004563	42470
ARO:3004681	42730
ARO:3002674	39108
ARO:3003773	40447
ARO:3007644	46419
ARO:3007645	46421
ARO:3006922	45384
ARO:3006923	45385
ARO:3004775	42890
ARO:3006155	44617
ARO:3000783	37163
ARO:3000784	37164
ARO:3000785	37165
ARO:3000526	36665
ARO:3004777	42892
ARO:3006854	45316
ARO:3006855	45317
ARO:3006856	45318
ARO:3006857	45319
ARO:3006858	45320
ARO:3002693	39127
ARO:3002694	39128
ARO:3002695	39129
ARO:3002696	39130
ARO:3004665	42708
ARO:3005043	43241
ARO:3002698	39132
ARO:3002699	39133
ARO:3002700	39134
ARO:3002702	39136
ARO:3002703	39137
ARO:3002012	38412
ARO:3002021	38421
ARO:3002112	38512
ARO:3002113	38513
ARO:3002114	38514
ARO:3002115	38515
ARO:3002116	38516
ARO:3002117	38517
ARO:3002118	38518
ARO:3002118	38518
ARO:3002119	38519
ARO:3002120	38520
ARO:3002121	38521
ARO:3002022	38422
ARO:3002071	38471
ARO:3002122	38522
ARO:3002123	38523
ARO:3002124	38524
ARO:3002125	38525
ARO:3002126	38526
ARO:3002127	38527
ARO:3002128	38528
ARO:3002129	38529
ARO:3002130	38530
ARO:3002023	38423
ARO:3003129	39706
ARO:3003130	39707
ARO:3003132	39709
ARO:3003133	39710
ARO:3003135	39712
ARO:3003136	39713
ARO:3003137	39714
ARO:3002024	38424
ARO:3003138	39715
ARO:3003170	39747
ARO:3003170	39747
ARO:3003652	40262
ARO:3003653	40263
ARO:3003654	40264
ARO:3004778	42893
ARO:3004854	42990
ARO:3006457	44919
ARO:3005220	43576
ARO:3005191	43544
ARO:3002025	38425
ARO:3005185	43538
ARO:3005196	43549
ARO:3005195	43548
ARO:3005204	43560
ARO:3005219	43575
ARO:3005197	43551
ARO:3005181	43534
ARO:3005180	43533
ARO:3005192	43545
ARO:3005190	43543
ARO:3002026	38426
ARO:3005016	43207
ARO:3005217	43573
ARO:3005216	43572
ARO:3005218	43574
ARO:3005194	43547
ARO:3005200	43555
ARO:3005182	43535
ARO:3005198	43552
ARO:3005176	43529
ARO:3006458	44920
ARO:3002027	38427
ARO:3005183	43536
ARO:3005187	43540
ARO:3005184	43537
ARO:3005193	43546
ARO:3005186	43539
ARO:3005188	43541
ARO:3005189	43542
ARO:3006459	44921
ARO:3006460	44922
ARO:3006461	44923
ARO:3002028	38428
ARO:3006462	44924
ARO:3005199	43554
ARO:3005177	43530
ARO:3006463	44925
ARO:3002029	38429
ARO:3007695	46483
ARO:3002030	38430
ARO:3002013	38413
ARO:3002031	38431
ARO:3002032	38432
ARO:3002033	38433
ARO:3002034	38434
ARO:3002035	38435
ARO:3002036	38436
ARO:3002037	38437
ARO:3002038	38438
ARO:3002039	38439
ARO:3002040	38440
ARO:3002041	38441
ARO:3002042	38442
ARO:3002043	38443
ARO:3002044	38444
ARO:3002045	38445
ARO:3002046	38446
ARO:3002047	38447
ARO:3002048	38448
ARO:3002049	38449
ARO:3002050	38450
ARO:3002015	38415
ARO:3002051	38451
ARO:3002052	38452
ARO:3002053	38453
ARO:3002054	38454
ARO:3002055	38455
ARO:3002056	38456
ARO:3002057	38457
ARO:3002058	38458
ARO:3002059	38459
ARO:3002060	38460
ARO:3002016	38416
ARO:3002061	38461
ARO:3002062	38462
ARO:3002064	38464
ARO:3002065	38465
ARO:3002066	38466
ARO:3002067	38467
ARO:3002068	38468
ARO:3002072	38472
ARO:3002069	38469
ARO:3002017	38417
ARO:3002073	38473
ARO:3002074	38474
ARO:3002075	38475
ARO:3002076	38476
ARO:3002077	38477
ARO:3002078	38478
ARO:3002079	38479
ARO:3002080	38480
ARO:3002081	38481
ARO:3002082	38482
ARO:3002018	38418
ARO:3002083	38483
ARO:3002084	38484
ARO:3002085	38485
ARO:3002086	38486
ARO:3002087	38487
ARO:3002088	38488
ARO:3002089	38489
ARO:3002090	38490
ARO:3002091	38491
ARO:3002092	38492
ARO:3002019	38419
ARO:3002093	38493
ARO:3002094	38494
ARO:3002095	38495
ARO:3002096	38496
ARO:3002097	38497
ARO:3002098	38498
ARO:3002099	38499
ARO:3002100	38500
ARO:3002102	38502
ARO:3006464	44926
ARO:3002020	38420
ARO:3002103	38503
ARO:3002106	38506
ARO:3002107	38507
ARO:3002108	38508
ARO:3002109	38509
ARO:3002110	38510
ARO:3002111	38511
ARO:3002070	38470
ARO:3004639	42633
ARO:3003994	40876
ARO:3007075	45637
ARO:3003099	39665
ARO:3003093	39646
ARO:3003100	39666
ARO:3003101	39667
ARO:3003102	39668
ARO:3003103	39669
ARO:3003104	39670
ARO:3005063	43267
ARO:3005064	43268
ARO:3003716	40370
ARO:3000830	37210
ARO:3005049	43249
ARO:3006864	45326
ARO:3006865	45327
ARO:3006866	45328
ARO:3006867	45329
ARO:3000518	36657
ARO:3006868	45330
ARO:3007118	45694
ARO:3006869	45331
ARO:3006870	45332
ARO:3006871	45333
ARO:3001864	38264
ARO:3001873	38273
ARO:3001959	38359
ARO:3001960	38360
ARO:3001961	38361
ARO:3001962	38362
ARO:3001963	38363
ARO:3001965	38365
ARO:3001966	38366
ARO:3001967	38367
ARO:3001968	38368
ARO:3001969	38369
ARO:3001874	38274
ARO:3001970	38370
ARO:3001971	38371
ARO:3001972	38372
ARO:3001973	38373
ARO:3001974	38374
ARO:3001975	38375
ARO:3001976	38376
ARO:3001977	38377
ARO:3001875	38275
ARO:3001980	38380
ARO:3001981	38381
ARO:3001982	38382
ARO:3001983	38383
ARO:3001984	38384
ARO:3001985	38385
ARO:3001986	38386
ARO:3001988	38388
ARO:3001876	38276
ARO:3001989	38389
ARO:3001990	38390
ARO:3001991	38391
ARO:3001992	38392
ARO:3001995	38395
ARO:3001994	38394
ARO:3001996	38396
ARO:3001997	38397
ARO:3001877	38277
ARO:3001998	38398
ARO:3001999	38399
ARO:3002000	38400
ARO:3002001	38401
ARO:3002002	38402
ARO:3002004	38404
ARO:3002005	38405
ARO:3002006	38406
ARO:3001878	38278
ARO:3002007	38407
ARO:3002008	38408
ARO:3002009	38409
ARO:3002010	38410
ARO:3002011	38411
ARO:3003163	39740
ARO:3003164	39741
ARO:3003165	39742
ARO:3003166	39743
ARO:3003167	39744
ARO:3001879	38279
ARO:3003168	39745
ARO:3003169	39746
ARO:3003646	40256
ARO:3003647	40257
ARO:3003648	40258
ARO:3003649	40259
ARO:3003650	40260
ARO:3005590	44052
ARO:3005591	44053
ARO:3005592	44054
ARO:3001880	38280
ARO:3005593	44055
ARO:3005594	44056
ARO:3005595	44057
ARO:3005596	44058
ARO:3005597	44059
ARO:3005598	44060
ARO:3005599	44061
ARO:3005600	44062
ARO:3005601	44063
ARO:3005602	44064
ARO:3005603	44065
ARO:3005604	44066
ARO:3005605	44067
ARO:3005606	44068
ARO:3005607	44069
ARO:3005608	44070
ARO:3005609	44071
ARO:3005610	44072
ARO:3005611	44073
ARO:3005612	44074
ARO:3001881	38281
ARO:3005613	44075
ARO:3005614	44076
ARO:3005615	44077
ARO:3005616	44078
ARO:3005617	44079
ARO:3005618	44080
ARO:3005619	44081
ARO:3005620	44082
ARO:3005621	44083
ARO:3005622	44084
ARO:3001865	38265
ARO:3001882	38282
ARO:3005623	44085
ARO:3005624	44086
ARO:3005625	44087
ARO:3005626	44088
ARO:3005627	44089
ARO:3005628	44090
ARO:3005629	44091
ARO:3005630	44092
ARO:3005631	44093
ARO:3005632	44094
ARO:3001883	38283
ARO:3005633	44095
ARO:3005634	44096
ARO:3005635	44097
ARO:3005636	44098
ARO:3005637	44099
ARO:3005638	44100
ARO:3005639	44101
ARO:3005640	44102
ARO:3005641	44103
ARO:3005642	44104
ARO:3001884	38284
ARO:3005643	44105
ARO:3005644	44106
ARO:3005645	44107
ARO:3005646	44108
ARO:3005647	44109
ARO:3005648	44110
ARO:3005649	44111
ARO:3005650	44112
ARO:3005651	44113
ARO:3005652	44114
ARO:3001885	38285
ARO:3005653	44115
ARO:3005654	44116
ARO:3005655	44117
ARO:3005656	44118
ARO:3005657	44119
ARO:3005658	44120
ARO:3005659	44121
ARO:3005660	44122
ARO:3005661	44123
ARO:3005662	44124
ARO:3001886	38286
ARO:3005663	44125
ARO:3005664	44126
ARO:3005665	44127
ARO:3005666	44128
ARO:3001887	38287
ARO:3001888	38288
ARO:3001889	38289
ARO:3001890	38290
ARO:3001891	38291
ARO:3001866	38266
ARO:3001892	38292
ARO:3001893	38293
ARO:3001894	38294
ARO:3001895	38295
ARO:3001896	38296
ARO:3001897	38297
ARO:3001898	38298
ARO:3001899	38299
ARO:3001900	38300
ARO:3001901	38301
ARO:3001867	38267
ARO:3001902	38302
ARO:3001903	38303
ARO:3001904	38304
ARO:3001905	38305
ARO:3001906	38306
ARO:3001907	38307
ARO:3001908	38308
ARO:3001909	38309
ARO:3001910	38310
ARO:3001911	38311
ARO:3001868	38268
ARO:3001912	38312
ARO:3001913	38313
ARO:3001914	38314
ARO:3001915	38315
ARO:3001916	38316
ARO:3001917	38317
ARO:3001918	38318
ARO:3001919	38319
ARO:3001920	38320
ARO:3001869	38269
ARO:3001921	38321
ARO:3001922	38322
ARO:3001923	38323
ARO:3001924	38324
ARO:3001925	38325
ARO:3001926	38326
ARO:3001927	38327
ARO:3001928	38328
ARO:3001929	38329
ARO:3001930	38330
ARO:3001870	38270
ARO:3001932	38332
ARO:3001933	38333
ARO:3001934	38334
ARO:3001935	38335
ARO:3001936	38336
ARO:3001937	38337
ARO:3001938	38338
ARO:3001939	38339
ARO:3001940	38340
ARO:3001871	38271
ARO:3001941	38341
ARO:3001942	38342
ARO:3001943	38343
ARO:3001944	38344
ARO:3001945	38345
ARO:3002495	38895
ARO:3001946	38346
ARO:3001947	38347
ARO:3001948	38348
ARO:3001949	38349
ARO:3001872	38272
ARO:3001950	38350
ARO:3001951	38351
ARO:3001952	38352
ARO:3001953	38353
ARO:3001954	38354
ARO:3001955	38355
ARO:3001956	38356
ARO:3005667	44129
ARO:3001957	38357
ARO:3001958	38358
ARO:3003499	40101
ARO:3003974	40779
ARO:3006924	45386
ARO:3003970	40743
ARO:3004780	42895
ARO:3005354	43714
ARO:3002854	39288
ARO:3003011	39445
ARO:3002858	39292
ARO:3003012	39446
ARO:3002859	39293
ARO:3003013	39447
ARO:3004640	42648
ARO:3003014	39448
ARO:3002860	39294
ARO:3004568	42475
ARO:3003015	39449
ARO:3003016	39450
ARO:3003017	39451
ARO:3003018	39452
ARO:3003019	39453
ARO:3002856	39290
ARO:3003020	39454
ARO:3002857	39291
ARO:3004550	42453
ARO:3004551	42454
ARO:3004554	42459
ARO:3003105	39679
ARO:3004552	42455
ARO:3005084	43294
ARO:3004555	42460
ARO:3005346	43705
ARO:3005164	43516
ARO:3005348	43708
ARO:3005347	43706
ARO:3005349	43709
ARO:3005351	43711
ARO:3004642	42653
ARO:3002861	39295
ARO:3004547	42450
ARO:3004644	42657
ARO:3002862	39296
ARO:3002863	39297
ARO:3004548	42451
ARO:3002864	39298
ARO:3007489	46256
ARO:3007490	46257
ARO:3003021	39455
ARO:3003022	39456
ARO:3004498	42133
ARO:3004549	42452
ARO:3003023	39457
ARO:3004556	42461
ARO:3005350	43710
ARO:3002865	39299
ARO:3002866	39300
ARO:3002875	39309
ARO:3002867	39301
ARO:3002868	39302
ARO:3004645	42659
ARO:3002869	39303
ARO:3007456	46219
ARO:3002132	38532
ARO:3002141	38541
ARO:3002143	38543
ARO:3002144	38544
ARO:3002145	38545
ARO:3002146	38546
ARO:3002147	38547
ARO:3002148	38548
ARO:3002149	38549
ARO:3002150	38550
ARO:3002133	38533
ARO:3002151	38551
ARO:3002152	38552
ARO:3002153	38553
ARO:3002154	38554
ARO:3006465	44927
ARO:3006466	44928
ARO:3006467	44929
ARO:3006468	44930
ARO:3006469	44931
ARO:3006470	44932
ARO:3002134	38534
ARO:3002137	38537
ARO:3002138	38538
ARO:3002135	38535
ARO:3002136	38536
ARO:3002140	38540
ARO:3006872	45334
ARO:3000848	37228
ARO:3000248	36387
ARO:3006873	45335
ARO:3003761	40408
ARO:3000842	37222
ARO:3004463	41678
ARO:3005461	43923
ARO:3005462	43924
ARO:3007437	46195
ARO:3006874	45336
ARO:3006875	45337
ARO:3006876	45338
ARO:3006877	45339
ARO:3006878	45340
ARO:3006879	45341
ARO:3006880	45342
ARO:3006881	45343
ARO:3006882	45344
ARO:3006883	45345
ARO:3004063	41130
ARO:3006884	45346
ARO:3003954	40724
ARO:3003955	40726
ARO:3003948	40703
ARO:3003949	40704
ARO:3006885	45347
ARO:3003551	40153
ARO:3000027	36036
ARO:3000074	36213
ARO:3000309	36448
ARO:3000206	36345
ARO:3000516	36655
ARO:3000254	36393
ARO:3004669	42716
ARO:3003374	39958
ARO:3004042	41089
ARO:3004108	41229
ARO:3004458	41669
ARO:3003760	40417
ARO:3003813	40502
ARO:3003800	40485
ARO:3003805	40490
ARO:3003077	39624
ARO:3003792	40477
ARO:3003791	40476
ARO:3003815	40504
ARO:3003797	40482
ARO:3004456	41667
ARO:3003092	39639
ARO:3003438	40022
ARO:3003790	40475
ARO:3003078	39625
ARO:3003079	39626
ARO:3003576	40186
ARO:3005047	43246
ARO:3000361	36500
ARO:3002826	39260
ARO:3000363	36502
ARO:3004608	42572
ARO:3001265	37664
ARO:3000598	36737
ARO:3004592	42522
ARO:3000599	36738
ARO:3000600	36739
ARO:3000604	36743
ARO:3000605	36744
ARO:3000392	36531
ARO:3000601	36740
ARO:3000602	36741
ARO:3004606	42567
ARO:3000603	36742
ARO:3003106	39680
ARO:3003205	39789
ARO:3003971	40752
ARO:3004595	42525
ARO:3004596	42527
ARO:3003908	40614
ARO:3004094	41202
ARO:3004626	42608
ARO:3007032	45591
ARO:3007033	45592
ARO:3007041	45600
ARO:3007654	46432
ARO:3000347	36486
ARO:3000375	36514
ARO:3000250	36389
ARO:3000495	36634
ARO:3000326	36465
ARO:3000498	36637
ARO:3000522	36661
ARO:3002823	39257
ARO:3004643	42655
ARO:3000592	36731
ARO:3004652	42681
ARO:3001303	37702
ARO:3000593	36732
ARO:3000594	36733
ARO:3001304	37703
ARO:3000595	36734
ARO:3001305	37704
ARO:3002824	39258
ARO:3001306	37705
ARO:3000596	36735
ARO:3002825	39259
ARO:3004605	42565
ARO:3004782	42898
ARO:3007544	46315
ARO:3003223	39807
ARO:3003377	39961
ARO:3003406	39990
ARO:3003411	39995
ARO:3003397	39981
ARO:3003396	39980
ARO:3003399	39983
ARO:3003402	39986
ARO:3003403	39987
ARO:3003376	39960
ARO:3003405	39989
ARO:3003410	39994
ARO:3003408	39992
ARO:3003333	39917
ARO:3003372	39956
ARO:3004150	41297
ARO:3004160	41307
ARO:3004149	41296
ARO:3004131	41258
ARO:3004173	41324
ARO:3004043	41090
ARO:3003807	40492
ARO:3003378	39962
ARO:3004290	41454
ARO:3004055	41120
ARO:3003900	40602
ARO:3003900	40602
ARO:3003370	39954
ARO:3003368	39952
ARO:3003369	39953
ARO:3004039	41083
ARO:3004049	41114
ARO:3004045	41097
ARO:3003386	39970
ARO:3003889	40588
ARO:3003294	39878
ARO:3004335	41503
ARO:3003303	39887
ARO:3004126	41252
ARO:3001328	37727
ARO:3004127	41253
ARO:3003775	40451
ARO:3003751	40407
ARO:3003756	40413
ARO:3003390	39974
ARO:3003308	39892
ARO:3003316	39900
ARO:3007423	46179
ARO:3003899	40601
ARO:3004109	41230
ARO:3003288	39872
ARO:3003381	39965
ARO:3003511	40113
ARO:3003893	40595
ARO:3003893	40595
ARO:3003890	40592
ARO:3003717	40371
ARO:3007459	46222
ARO:3000832	37212
ARO:3000833	37213
ARO:3006886	45348
ARO:3003564	40172
ARO:3001313	37712
ARO:3004784	42901
ARO:3003961	40732
ARO:3003962	40733
ARO:3002704	39138
ARO:3007019	45490
ARO:3000606	36745
ARO:3006887	45349
ARO:3004786	42904
ARO:3005033	43226
ARO:3002705	39139
ARO:3000423	36562
ARO:3000449	36588
ARO:3004788	42906
ARO:3004789	42907
ARO:3004790	42908
ARO:3004791	42909
ARO:3004792	42910
ARO:3004793	42911
ARO:3000149	36288
ARO:3002804	39238
ARO:3002872	39306
ARO:3003210	39794
ARO:3003209	39793
ARO:3004111	41232
ARO:3004113	41234
ARO:3005162	43514
ARO:3007371	46119
ARO:3000172	36311
ARO:3004670	42717
ARO:3005100	43315
ARO:3002873	39307
ARO:3004671	42719
ARO:3004672	42720
ARO:3004673	42721
ARO:3007372	46120
ARO:3000380	36519
ARO:3002874	39308
ARO:3004674	42722
ARO:3007368	46115
ARO:3007369	46116
ARO:3007370	46117
ARO:3003207	39791
ARO:3005024	43215
ARO:3007097	45661
ARO:3007098	45663
ARO:3007099	45665
ARO:3000198	36337
ARO:3003208	39792
ARO:3007069	45631
ARO:3002155	38555
ARO:3002162	38562
ARO:3002165	38565
ARO:3006471	44933
ARO:3006472	44934
ARO:3006473	44935
ARO:3006474	44936
ARO:3006475	44937
ARO:3002156	38556
ARO:3002157	38557
ARO:3002158	38558
ARO:3002159	38559
ARO:3002160	38560
ARO:3002161	38561
ARO:3002163	38563
ARO:3004795	42913
ARO:3004797	42916
ARO:3006227	44689
ARO:3007632	46405
ARO:3004798	42917
ARO:3004799	42918
ARO:3005027	43218
ARO:3005028	43219
ARO:3005029	43221
ARO:3005030	43222
ARO:3005031	43223
ARO:3005032	43225
ARO:3004801	42920
ARO:3003552	40155
ARO:3003733	40388
ARO:3003731	40386
ARO:3004663	42706
ARO:3003026	39460
ARO:3003838	40529
ARO:3000508	36647
ARO:3002330	38730
ARO:3002339	38739
ARO:3002340	38740
ARO:3002341	38741
ARO:3002342	38742
ARO:3002343	38743
ARO:3002344	38744
ARO:3002345	38745
ARO:3002346	38746
ARO:3002347	38747
ARO:3002348	38748
ARO:3002331	38731
ARO:3002349	38749
ARO:3002350	38750
ARO:3002351	38751
ARO:3002352	38752
ARO:3002353	38753
ARO:3003185	39762
ARO:3003181	39758
ARO:3006156	44618
ARO:3006157	44619
ARO:3006158	44620
ARO:3002332	38732
ARO:3006159	44621
ARO:3006160	44622
ARO:3006161	44623
ARO:3006162	44624
ARO:3006163	44625
ARO:3006164	44626
ARO:3006165	44627
ARO:3006166	44628
ARO:3006167	44629
ARO:3006168	44630
ARO:3002333	38733
ARO:3006169	44631
ARO:3006170	44632
ARO:3006171	44633
ARO:3006172	44634
ARO:3006173	44635
ARO:3006174	44636
ARO:3006175	44637
ARO:3007825	46612
ARO:3007826	46613
ARO:3007827	46614
ARO:3002334	38734
ARO:3007828	46615
ARO:3007829	46616
ARO:3007830	46617
ARO:3007831	46618
ARO:3007832	46619
ARO:3007833	46620
ARO:3007834	46621
ARO:3007835	46622
ARO:3002335	38735
ARO:3002336	38736
ARO:3002337	38737
ARO:3002338	38738
ARO:3006888	45350
ARO:3000845	37225
ARO:3003194	39771
ARO:3000463	36602
ARO:3006889	45351
ARO:3000850	37230
ARO:3004802	42922
ARO:3004803	42923
ARO:3004804	42924
ARO:3004805	42925
ARO:3004806	42926
ARO:3004807	42927
ARO:3004808	42928
ARO:3004213	41377
ARO:3005668	44130
ARO:3004809	42929
ARO:3005669	44131
ARO:3005670	44132
ARO:3005671	44133
ARO:3005672	44134
ARO:3005673	44135
ARO:3005674	44136
ARO:3005675	44137
ARO:3005676	44138
ARO:3005677	44139
ARO:3005678	44140
ARO:3004810	42930
ARO:3005679	44141
ARO:3005680	44142
ARO:3005681	44143
ARO:3005682	44144
ARO:3005683	44145
ARO:3005684	44146
ARO:3005685	44147
ARO:3005686	44148
ARO:3005687	44149
ARO:3005688	44150
ARO:3004811	42931
ARO:3005689	44151
ARO:3005690	44152
ARO:3005691	44153
ARO:3005692	44154
ARO:3005693	44155
ARO:3005694	44156
ARO:3005695	44157
ARO:3005696	44158
ARO:3005697	44159
ARO:3004812	42932
ARO:3005698	44160
ARO:3005699	44161
ARO:3004813	42933
ARO:3004814	42934
ARO:3004815	42935
ARO:3004816	42936
ARO:3000504	36643
ARO:3005096	43309
ARO:3006925	45387
ARO:3006926	45388
ARO:3004446	41639
ARO:3003924	40633
ARO:3003925	40634
ARO:3004180	41333
ARO:3003977	40806
ARO:3003510	40112
ARO:3004134	41261
ARO:3007059	45620
ARO:3007052	45612
ARO:3007053	45613
ARO:3007060	45621
ARO:3007058	45619
ARO:3007057	45617
ARO:3007055	45615
ARO:3007051	45610
ARO:3007208	45952
ARO:3004448	41642
ARO:3004817	42937
ARO:3004818	42938
ARO:3004819	42949
ARO:3004820	42950
ARO:3004821	42951
ARO:3004822	42952
ARO:3004092	41198
ARO:3003953	40723
ARO:3000676	37020
ARO:3003964	40735
ARO:3003965	40736
ARO:3004466	41682
ARO:3004569	42477
ARO:3005012	43200
ARO:3005013	43202
ARO:3001858	38258
ARO:3006176	44638
ARO:3006177	44639
ARO:3006178	44640
ARO:3006179	44641
ARO:3006180	44642
ARO:3006181	44643
ARO:3006182	44644
ARO:3006183	44645
ARO:3001859	38259
ARO:3006184	44646
ARO:3006185	44647
ARO:3001860	38260
ARO:3001861	38261
ARO:3001862	38262
ARO:3001863	38263
ARO:3003177	39754
ARO:3003142	39719
ARO:3003143	39720
ARO:3003094	39647
ARO:3003095	39648
ARO:3002192	38592
ARO:3002201	38601
ARO:3002202	38602
ARO:3002203	38603
ARO:3002204	38604
ARO:3002205	38605
ARO:3002206	38606
ARO:3002207	38607
ARO:3002208	38608
ARO:3002209	38609
ARO:3002210	38610
ARO:3002193	38593
ARO:3002211	38611
ARO:3002212	38612
ARO:3002213	38613
ARO:3002214	38614
ARO:3002215	38615
ARO:3002216	38616
ARO:3002217	38617
ARO:3002218	38618
ARO:3002219	38619
ARO:3002220	38620
ARO:3002194	38594
ARO:3002221	38621
ARO:3002222	38622
ARO:3002223	38623
ARO:3002224	38624
ARO:3002225	38625
ARO:3002226	38626
ARO:3002228	38628
ARO:3002229	38629
ARO:3002230	38630
ARO:3002195	38595
ARO:3002231	38631
ARO:3002232	38632
ARO:3002233	38633
ARO:3002234	38634
ARO:3002235	38635
ARO:3002236	38636
ARO:3002237	38637
ARO:3002239	38639
ARO:3003657	40267
ARO:3002196	38596
ARO:3003659	40269
ARO:3004823	42953
ARO:3005463	43925
ARO:3005464	43926
ARO:3004494	42028
ARO:3004495	42029
ARO:3005465	43927
ARO:3005466	43928
ARO:3002197	38597
ARO:3005467	43929
ARO:3005468	43930
ARO:3005469	43931
ARO:3005470	43932
ARO:3005471	43933
ARO:3005472	43934
ARO:3005473	43935
ARO:3005474	43936
ARO:3005019	43210
ARO:3005475	43937
ARO:3002198	38598
ARO:3005476	43938
ARO:3005477	43939
ARO:3005478	43940
ARO:3005479	43941
ARO:3005480	43942
ARO:3005481	43943
ARO:3005482	43944
ARO:3005483	43945
ARO:3005484	43946
ARO:3002199	38599
ARO:3005485	43947
ARO:3005486	43948
ARO:3005487	43949
ARO:3005488	43950
ARO:3005489	43951
ARO:3005490	43952
ARO:3005491	43953
ARO:3005492	43954
ARO:3002200	38600
ARO:3007460	46224
ARO:3007462	46227
ARO:3007463	46228
ARO:3007464	46229
ARO:3007465	46230
ARO:3007461	46225
ARO:3002256	38656
ARO:3002266	38666
ARO:3002267	38667
ARO:3002268	38668
ARO:3002269	38669
ARO:3002270	38670
ARO:3005493	43955
ARO:3007470	46235
ARO:3002257	38657
ARO:3002258	38658
ARO:3002259	38659
ARO:3002260	38660
ARO:3002261	38661
ARO:3002262	38662
ARO:3002263	38663
ARO:3002264	38664
ARO:3002265	38665
ARO:3007678	46460
ARO:3002884	39318
ARO:3000840	37220
ARO:3004102	41213
ARO:3007206	45950
ARO:3004047	41099
ARO:3003841	40534
ARO:3000847	37227
ARO:3003385	39969
ARO:3003585	40195
ARO:3004041	41088
ARO:3003373	39957
ARO:3004580	42506
ARO:3004583	42513
ARO:3004588	42518
ARO:3004597	42528
ARO:3007420	46176
ARO:3007203	45947
ARO:3003966	40737
ARO:3003968	40739
ARO:3004122	41247
ARO:3007421	46177
ARO:3003380	39964
ARO:3006927	45389
ARO:3006928	45390
ARO:3006929	45391
ARO:3006930	45392
ARO:3006931	45393
ARO:3002320	38720
ARO:3007446	46207
ARO:3002321	38721
ARO:3002322	38722
ARO:3007196	45938
ARO:3007633	46407
ARO:3002323	38723
ARO:3002324	38724
ARO:3002325	38725
ARO:3002326	38726
ARO:3002327	38727
ARO:3002328	38728
ARO:3002329	38729
ARO:3002312	38712
ARO:3003145	39722
ARO:3003180	39757
ARO:3005356	43716
ARO:3004496	42038
ARO:3005357	43717
ARO:3005358	43718
ARO:3005359	43719
ARO:3005361	43721
ARO:3005360	43720
ARO:3002313	38713
ARO:3005364	43724
ARO:3005362	43722
ARO:3005363	43723
ARO:3005365	43725
ARO:3005366	43726
ARO:3005367	43727
ARO:3005368	43728
ARO:3005369	43729
ARO:3005370	43730
ARO:3005371	43731
ARO:3002314	38714
ARO:3005372	43732
ARO:3005373	43733
ARO:3005374	43734
ARO:3005375	43735
ARO:3006186	44648
ARO:3005376	43736
ARO:3005377	43737
ARO:3005378	43738
ARO:3002315	38715
ARO:3005379	43739
ARO:3005380	43740
ARO:3005381	43741
ARO:3005382	43742
ARO:3005383	43743
ARO:3005384	43744
ARO:3005385	43745
ARO:3006187	44649
ARO:3006188	44650
ARO:3002316	38716
ARO:3006189	44651
ARO:3006190	44652
ARO:3006191	44653
ARO:3006192	44654
ARO:3006193	44655
ARO:3006194	44656
ARO:3006195	44657
ARO:3002317	38717
ARO:3006196	44658
ARO:3006197	44659
ARO:3006198	44660
ARO:3006199	44661
ARO:3006200	44662
ARO:3006201	44663
ARO:3006202	44664
ARO:3006203	44665
ARO:3006204	44666
ARO:3002318	38718
ARO:3006205	44667
ARO:3006206	44668
ARO:3006207	44669
ARO:3007089	45653
ARO:3007381	46131
ARO:3007375	46125
ARO:3002319	38719
ARO:3007087	45651
ARO:3007102	45670
ARO:3007402	46153
ARO:3007383	46134
ARO:3007436	46194
ARO:3007449	46210
ARO:3007450	46211
ARO:3007452	46214
ARO:3000582	36721
ARO:3004825	42955
ARO:3004826	42956
ARO:3007438	46196
ARO:3004292	41457
ARO:3001857	38257
ARO:3002997	39431
ARO:3002454	38854
ARO:3002460	38860
ARO:3002461	38861
ARO:3002462	38862
ARO:3002463	38863
ARO:3002477	38877
ARO:3002478	38878
ARO:3002464	38864
ARO:3002473	38873
ARO:3002465	38865
ARO:3002466	38866
ARO:3002455	38855
ARO:3002467	38867
ARO:3002468	38868
ARO:3002469	38869
ARO:3002470	38870
ARO:3002471	38871
ARO:3002479	38879
ARO:3002474	38874
ARO:3006932	45394
ARO:3006933	45395
ARO:3002475	38875
ARO:3004838	42972
ARO:3006934	45396
ARO:3004839	42973
ARO:3004840	42974
ARO:3004827	42957
ARO:3004828	42958
ARO:3004829	42959
ARO:3004841	42975
ARO:3004842	42977
ARO:3002472	38872
ARO:3004843	42978
ARO:3004844	42979
ARO:3004845	42980
ARO:3004846	42981
ARO:3002456	38856
ARO:3004847	42982
ARO:3004848	42984
ARO:3004849	42985
ARO:3002476	38876
ARO:3002457	38857
ARO:3002458	38858
ARO:3002459	38859
ARO:3003843	40537
ARO:3003967	40738
ARO:3006935	45397
ARO:3006936	45398
ARO:3006937	45399
ARO:3006938	45400
ARO:3006939	45401
ARO:3006940	45402
ARO:3002671	39105
ARO:3004651	42676
ARO:3002879	39313
ARO:3003770	40442
ARO:3003982	40864
ARO:3005018	43209
ARO:3003028	39462
ARO:3002813	39247
ARO:3002881	39315
ARO:3002882	39316
ARO:3003969	40740
ARO:3002835	39269
ARO:3002836	39270
ARO:3002837	39271
ARO:3002838	39272
ARO:3003762	40400
ARO:3002839	39273
ARO:3004085	41189
ARO:3004600	42533
ARO:3004601	42534
ARO:3004099	41207
ARO:3004100	41209
ARO:3005052	43253
ARO:3005051	43252
ARO:3005059	43261
ARO:3003573	40183
ARO:3003574	40184
ARO:3003575	40185
ARO:3002482	38882
ARO:3002489	38889
ARO:3002511	38911
ARO:3002484	38884
ARO:3002512	38912
ARO:3002492	38892
ARO:3002513	38913
ARO:3002485	38885
ARO:3002510	38910
ARO:3002483	38883
ARO:3002486	38886
ARO:3002487	38887
ARO:3002488	38888
ARO:3006941	45403
ARO:3000300	36439
ARO:3003111	39687
ARO:3003112	39688
ARO:3005121	43337
ARO:3003206	39790
ARO:3006942	45404
ARO:3006943	45405
ARO:3006944	45406
ARO:3006945	45407
ARO:3006946	45408
ARO:3006947	45409
ARO:3006948	45410
ARO:3007180	45919
ARO:3000533	36672
ARO:3000535	36674
ARO:3006949	45411
ARO:3006950	45412
ARO:3000263	36402
ARO:3006951	45413
ARO:3007137	45718
ARO:3007277	46023
ARO:3007275	46021
ARO:3007276	46022
ARO:3007274	46020
ARO:3003689	40335
ARO:3004506	42214
ARO:3004688	42740
ARO:3004689	42741
ARO:3004690	42742
ARO:3007246	45992
ARO:3007279	46025
ARO:3007238	45984
ARO:3007244	45990
ARO:3007233	45979
ARO:3007240	45986
ARO:3004194	41358
ARO:3007235	45981
ARO:3007237	45983
ARO:3007239	45985
ARO:3007234	45980
ARO:3007243	45989
ARO:3007247	45993
ARO:3007280	46026
ARO:3007232	45978
ARO:3007236	45982
ARO:3007241	45987
ARO:3004514	42223
ARO:3007242	45988
ARO:3007245	45991
ARO:3007289	46035
ARO:3007070	45632
ARO:3007230	45976
ARO:3004515	42224
ARO:3004685	42737
ARO:3004513	42222
ARO:3004686	42738
ARO:3004687	42739
ARO:3004507	42216
ARO:3004110	41231
ARO:3004502	42208
ARO:3007284	46030
ARO:3007283	46029
ARO:3007286	46032
ARO:3007288	46034
ARO:3007287	46033
ARO:3007285	46031
ARO:3004139	41267
ARO:3004504	42212
ARO:3004500	42205
ARO:3004693	42745
ARO:3007269	46015
ARO:3007249	45995
ARO:3007252	45998
ARO:3007260	46006
ARO:3007278	46024
ARO:3007263	46009
ARO:3007273	46019
ARO:3004511	42220
ARO:3007266	46012
ARO:3007262	46008
ARO:3007259	46005
ARO:3007256	46002
ARO:3007265	46011
ARO:3007258	46004
ARO:3007261	46007
ARO:3007253	45999
ARO:3007270	46016
ARO:3007272	46018
ARO:3004662	42705
ARO:3007255	46001
ARO:3007254	46000
ARO:3007248	45994
ARO:3007268	46014
ARO:3007267	46013
ARO:3007257	46003
ARO:3007250	45996
ARO:3007251	45997
ARO:3007271	46017
ARO:3004691	42743
ARO:3007264	46010
ARO:3005221	43577
ARO:3004505	42213
ARO:3004503	42210
ARO:3004510	42219
ARO:3004509	42218
ARO:3004508	42217
ARO:3004325	41492
ARO:3004694	42746
ARO:3004695	42747
ARO:3004696	42748
ARO:3004697	42749
ARO:3007231	45977
ARO:3007533	46304
ARO:3004332	41500
ARO:3004698	42750
ARO:3007282	46028
ARO:3007281	46027
ARO:3004501	42206
ARO:3004517	42226
ARO:3004516	42225
ARO:3007229	45975
ARO:3007227	45973
ARO:3007228	45974
ARO:3004684	42734
ARO:3007011	45479
ARO:3000789	37169
ARO:3000790	37170
ARO:3000791	37171
ARO:3000792	37172
ARO:3000793	37173
ARO:3000794	37174
ARO:3000795	37175
ARO:3000796	37176
ARO:3001329	37728
ARO:3001216	37615
ARO:3001327	37726
ARO:3001214	37613
ARO:3003548	40150
ARO:3003549	40151
ARO:3003550	40152
ARO:3007682	46464
ARO:3000617	36911
ARO:3003440	40024
ARO:3001209	37590
ARO:3005097	43312
ARO:3005046	43245
ARO:3004185	41338
ARO:3000124	36263
ARO:3000215	36354
ARO:3003107	39681
ARO:3003745	40401
ARO:3005089	43301
ARO:3000614	36908
ARO:3004659	42698
ARO:3007044	45603
ARO:3007047	45606
ARO:3007049	45608
ARO:3000616	36910
ARO:3000026	36035
ARO:3000746	37126
ARO:3000377	36516
ARO:3000378	36517
ARO:3000800	37180
ARO:3000801	37181
ARO:3000803	37183
ARO:3000804	37184
ARO:3000806	37186
ARO:3000807	37187
ARO:3000808	37188
ARO:3003692	40340
ARO:3003693	40341
ARO:3003710	40364
ARO:3003704	40358
ARO:3003705	40359
ARO:3003698	40350
ARO:3003699	40351
ARO:3000506	36645
ARO:3000506	36645
ARO:3000813	37193
ARO:3000814	37194
ARO:3003030	39464
ARO:3003031	39465
ARO:3003034	39468
ARO:3003033	39467
ARO:3003709	40363
ARO:3003844	40538
ARO:3003035	39469
ARO:3000815	37195
ARO:3003820	40510
ARO:3000462	36601
ARO:3002166	38566
ARO:3002175	38575
ARO:3002176	38576
ARO:3002177	38577
ARO:3002178	38578
ARO:3002179	38579
ARO:3002180	38580
ARO:3002181	38581
ARO:3003173	39750
ARO:3003139	39716
ARO:3006859	45321
ARO:3002168	38568
ARO:3006860	45322
ARO:3006861	45323
ARO:3006862	45324
ARO:3004745	42856
ARO:3002169	38569
ARO:3002167	38567
ARO:3002170	38570
ARO:3002171	38571
ARO:3002172	38572
ARO:3002174	38574
ARO:3005042	43240
ARO:3005041	43239
ARO:3006952	45414
ARO:3006953	45415
ARO:3004138	41265
ARO:3004124	41249
ARO:3003306	39890
ARO:3002182	38582
ARO:3003140	39717
ARO:3003141	39718
ARO:3006477	44939
ARO:3006478	44940
ARO:3006479	44941
ARO:3002183	38583
ARO:3002186	38586
ARO:3002184	38584
ARO:3002188	38588
ARO:3002185	38585
ARO:3002189	38589
ARO:3002190	38590
ARO:3002191	38591
ARO:3000316	36455
ARO:3000318	36457
ARO:3000319	36458
ARO:3003741	40396
ARO:3003071	39606
ARO:3003742	40397
ARO:3004539	42409
ARO:3003991	40873
ARO:3004544	42417
ARO:3004541	42412
ARO:3003072	39614
ARO:3003767	40436
ARO:3004542	42414
ARO:3004543	42415
ARO:3007050	45609
ARO:3003839	40531
ARO:3003950	40720
ARO:3003718	40372
ARO:3003719	40373
ARO:3000251	36390
ARO:3002818	39252
ARO:3002819	39253
ARO:3003109	39685
ARO:3005087	43298
ARO:3007042	45601
ARO:3005088	43300
ARO:3007043	45602
ARO:3000816	37196
ARO:3000810	37190
ARO:3000811	37191
ARO:3000812	37192
ARO:3000817	37197
ARO:3000843	37223
ARO:3003842	40535
ARO:3004073	41155
ARO:3004074	41156
ARO:3004075	41158
ARO:3004069	41146
ARO:3007476	46243
ARO:3004164	41312
ARO:3007473	46239
ARO:3004167	41316
ARO:3004166	41315
ARO:3004168	41318
ARO:3003389	39973
ARO:3003298	39882
ARO:3003304	39888
ARO:3003284	39868
ARO:3003481	40077
ARO:3004853	42989
ARO:3003436	40020
ARO:3003480	40076
ARO:3003437	40021
ARO:3007536	46307
ARO:3007537	46308
ARO:3004937	43123
ARO:3004951	43137
ARO:3004921	43107
ARO:3004945	43131
ARO:3004947	43133
ARO:3004957	43143
ARO:3004941	43127
ARO:3007661	46441
ARO:3004918	43104
ARO:3004919	43105
ARO:3004963	43149
ARO:3003453	40046
ARO:3003326	39910
ARO:3003465	40058
ARO:3003327	39911
ARO:3003455	40048
ARO:3005105	43320
ARO:3005178	43531
ARO:3005106	43321
ARO:3003458	40051
ARO:3004933	43119
ARO:3004922	43108
ARO:3007811	46597
ARO:3004157	41304
ARO:3004923	43109
ARO:3003470	40063
ARO:3004977	43164
ARO:3003295	39879
ARO:3007806	46592
ARO:3007807	46593
ARO:3003459	40052
ARO:3007810	46596
ARO:3007808	46594
ARO:3004924	43110
ARO:3004876	43062
ARO:3003393	39977
ARO:3003448	40041
ARO:3007798	46582
ARO:3004135	41262
ARO:3003451	40044
ARO:3003784	40467
ARO:3003463	40056
ARO:3003392	39976
ARO:3005102	43317
ARO:3004978	43165
ARO:3004929	43115
ARO:3004925	43111
ARO:3005108	43323
ARO:3004934	43120
ARO:3004927	43113
ARO:3004928	43114
ARO:3004930	43116
ARO:3003461	40054
ARO:3004935	43121
ARO:3004931	43117
ARO:3003394	39978
ARO:3004960	43146
ARO:3004975	43162
ARO:3004976	43163
ARO:3004184	41337
ARO:3004999	43186
ARO:3003283	39867
ARO:3004994	43181
ARO:3004721	42776
ARO:3003395	39979
ARO:3004981	43168
ARO:3004955	43141
ARO:3007674	46455
ARO:3007185	45924
ARO:3007186	45925
ARO:3004971	43157
ARO:3004984	43171
ARO:3007692	46479
ARO:3004987	43174
ARO:3004993	43180
ARO:3004932	43118
ARO:3004153	41300
ARO:3003445	40038
ARO:3007805	46591
ARO:3004950	43136
ARO:3003325	39909
ARO:3003779	40461
ARO:3004968	43154
ARO:3004967	43153
ARO:3003239	39823
ARO:3003240	39824
ARO:3003236	39820
ARO:3003238	39822
ARO:3003237	39821
ARO:3004163	41311
ARO:3003514	40116
ARO:3003517	40119
ARO:3003515	40117
ARO:3003518	40120
ARO:3003516	40118
ARO:3004165	41313
ARO:3003539	40141
ARO:3003543	40145
ARO:3003544	40146
ARO:3003546	40148
ARO:3003540	40142
ARO:3003542	40144
ARO:3003545	40147
ARO:3003541	40143
ARO:3003547	40149
ARO:3004169	41319
ARO:3003778	40460
ARO:3004159	41306
ARO:3004616	42584
ARO:3004631	42620
ARO:3004630	42617
ARO:3004176	41327
ARO:3003310	39894
ARO:3004179	41331
ARO:3004177	41328
ARO:3006954	45416
ARO:3001300	37699
ARO:3006955	45417
ARO:3000818	37198
ARO:3000819	37199
ARO:3000589	36728
ARO:3002360	38760
ARO:3002361	38761
ARO:3002362	38762
ARO:3003182	39759
ARO:3003183	39760
ARO:3003663	40273
ARO:3003664	40274
ARO:3007202	45946
ARO:3004093	41201
ARO:3004861	42999
ARO:3004862	43000
ARO:3000590	36729
ARO:3004863	43001
ARO:3004864	43002
ARO:3004865	43003
ARO:3004866	43004
ARO:3004867	43005
ARO:3004868	43006
ARO:3004869	43007
ARO:3004870	43008
ARO:3004871	43009
ARO:3005131	43348
ARO:3002354	38754
ARO:3005700	44162
ARO:3005701	44163
ARO:3007023	45495
ARO:3007211	45955
ARO:3007212	45956
ARO:3007213	45957
ARO:3007214	45958
ARO:3007215	45959
ARO:3007216	45960
ARO:3002355	38755
ARO:3007217	45961
ARO:3007218	45962
ARO:3007219	45963
ARO:3007220	45964
ARO:3007443	46204
ARO:3007444	46205
ARO:3007445	46206
ARO:3007447	46208
ARO:3000467	36606
ARO:3002356	38756
ARO:3002357	38757
ARO:3002358	38758
ARO:3002359	38759
ARO:3003495	40097
ARO:3004836	42966
ARO:3004873	43059
ARO:3003928	40637
ARO:3004859	42995
ARO:3005004	43192
ARO:3004851	42987
ARO:3003929	40639
ARO:3004833	42963
ARO:3004832	42962
ARO:3004835	42965
ARO:3000464	36603
ARO:3004956	43142
ARO:3003497	40099
ARO:3003937	40660
ARO:3007104	45672
ARO:3004655	42693
ARO:3007105	45673
ARO:3007106	45674
ARO:3007107	45675
ARO:3007108	45676
ARO:3007109	45677
ARO:3007110	45679
ARO:3007111	45680
ARO:3007112	45682
ARO:3007113	45683
ARO:3003589	40199
ARO:3003665	40275
ARO:3007210	45954
ARO:3000391	36530
ARO:3000421	36560
ARO:3007010	45478
ARO:3002522	38922
ARO:3002665	39065
ARO:3004239	41403
ARO:3002514	38914
ARO:3002515	38915
ARO:3002516	38916
ARO:3002517	38917
ARO:3002518	38918
ARO:3002519	38919
ARO:3002520	38920
ARO:3002521	38921
ARO:3006956	45418
ARO:3002418	38818
ARO:3002427	38827
ARO:3002428	38828
ARO:3002429	38829
ARO:3002430	38830
ARO:3002431	38831
ARO:3002432	38832
ARO:3002433	38833
ARO:3006141	44603
ARO:3002419	38819
ARO:3002420	38820
ARO:3002421	38821
ARO:3002422	38822
ARO:3002423	38823
ARO:3002424	38824
ARO:3002425	38825
ARO:3002426	38826
ARO:3002434	38834
ARO:3002443	38843
ARO:3002444	38844
ARO:3002445	38845
ARO:3002446	38846
ARO:3002447	38847
ARO:3006142	44604
ARO:3002450	38850
ARO:3002451	38851
ARO:3002452	38852
ARO:3002435	38835
ARO:3002453	38853
ARO:3006143	44605
ARO:3006144	44606
ARO:3006145	44607
ARO:3006146	44608
ARO:3002436	38836
ARO:3006147	44609
ARO:3006148	44610
ARO:3002437	38837
ARO:3006149	44611
ARO:3006150	44612
ARO:3006151	44613
ARO:3002438	38838
ARO:3002439	38839
ARO:3002440	38840
ARO:3002441	38841
ARO:3002442	38842
ARO:3006152	44614
ARO:3006153	44615
ARO:3003036	39470
ARO:3003748	40404
ARO:3000865	37245
ARO:3000866	37246
ARO:3005044	43242
ARO:3003037	39471
ARO:3004072	41154
ARO:3000809	37189
ARO:3003700	40352
ARO:3003682	40317
ARO:3003039	39473
ARO:3000802	37182
ARO:3000379	36518
ARO:3000805	37185
ARO:3004142	41270
ARO:3003746	40402
ARO:3003922	40631
ARO:3003923	40632
ARO:3006957	45419
ARO:3006958	45420
ARO:3006959	45421
ARO:3006960	45422
ARO:3006961	45423
ARO:3006962	45424
ARO:3006963	45425
ARO:3002892	39326
ARO:3002894	39328
ARO:3001396	37796
ARO:3001405	37805
ARO:3001438	37838
ARO:3001439	37839
ARO:3001707	38107
ARO:3007561	46334
ARO:3007562	46335
ARO:3001636	38036
ARO:3001708	38108
ARO:3001637	38037
ARO:3001638	38038
ARO:3001639	38039
ARO:3001640	38040
ARO:3001406	37806
ARO:3001641	38041
ARO:3001642	38042
ARO:3001643	38043
ARO:3001644	38044
ARO:3001609	38009
ARO:3005702	44164
ARO:3005703	44165
ARO:3005704	44166
ARO:3005705	44167
ARO:3005706	44168
ARO:3005707	44169
ARO:3005708	44170
ARO:3005709	44171
ARO:3005710	44172
ARO:3005711	44173
ARO:3005712	44174
ARO:3005713	44175
ARO:3005714	44176
ARO:3005715	44177
ARO:3005716	44178
ARO:3005717	44179
ARO:3005718	44180
ARO:3005719	44181
ARO:3005720	44182
ARO:3005721	44183
ARO:3005722	44184
ARO:3005723	44185
ARO:3001440	37840
ARO:3001441	37841
ARO:3001442	37842
ARO:3001768	38168
ARO:3001775	38175
ARO:3001407	37807
ARO:3001672	38072
ARO:3001443	37843
ARO:3001444	37844
ARO:3001445	37845
ARO:3001446	37846
ARO:3001447	37847
ARO:3001448	37848
ARO:3001449	37849
ARO:3001648	38048
ARO:3001811	38211
ARO:3001408	37808
ARO:3001651	38051
ARO:3001652	38052
ARO:3001653	38053
ARO:3001702	38102
ARO:3001695	38095
ARO:3001765	38165
ARO:3001767	38167
ARO:3001655	38055
ARO:3001451	37851
ARO:3001409	37809
ARO:3001452	37852
ARO:3001802	38202
ARO:3001803	38203
ARO:3001654	38054
ARO:3002480	38880
ARO:3001804	38204
ARO:3001779	38179
ARO:3001801	38201
ARO:3001453	37853
ARO:3001454	37854
ARO:3001410	37810
ARO:3001455	37855
ARO:3001456	37856
ARO:3001457	37857
ARO:3001458	37858
ARO:3001459	37859
ARO:3001460	37860
ARO:3001461	37861
ARO:3001462	37862
ARO:3001463	37863
ARO:3001464	37864
ARO:3001411	37811
ARO:3001663	38063
ARO:3001799	38199
ARO:3001776	38176
ARO:3001783	38183
ARO:3001662	38062
ARO:3001465	37865
ARO:3001466	37866
ARO:3001467	37867
ARO:3001468	37868
ARO:3001469	37869
ARO:3001412	37812
ARO:3001470	37870
ARO:3001471	37871
ARO:3001656	38056
ARO:3001657	38057
ARO:3001658	38058
ARO:3001659	38059
ARO:3001660	38060
ARO:3001661	38061
ARO:3001472	37872
ARO:3001473	37873
ARO:3001413	37813
ARO:3001474	37874
ARO:3001784	38184
ARO:3001709	38109
ARO:3001475	37875
ARO:3001476	37876
ARO:3001477	37877
ARO:3001414	37814
ARO:3001766	38166
ARO:3001478	37878
ARO:3001479	37879
ARO:3001480	37880
ARO:3001481	37881
ARO:3001482	37882
ARO:3001805	38205
ARO:3001814	38214
ARO:3001397	37797
ARO:3001415	37815
ARO:3001665	38065
ARO:3001666	38066
ARO:3001667	38067
ARO:3001664	38064
ARO:3001788	38188
ARO:3001483	37883
ARO:3001484	37884
ARO:3001485	37885
ARO:3001486	37886
ARO:3001809	38209
ARO:3001416	37816
ARO:3001487	37887
ARO:3001710	38110
ARO:3001711	38111
ARO:3001712	38112
ARO:3001713	38113
ARO:3001714	38114
ARO:3001488	37888
ARO:3001489	37889
ARO:3001668	38068
ARO:3001417	37817
ARO:3001669	38069
ARO:3001806	38206
ARO:3001493	37893
ARO:3001800	38200
ARO:3001691	38091
ARO:3001692	38092
ARO:3001418	37818
ARO:3001693	38093
ARO:3001670	38070
ARO:3001778	38178
ARO:3001495	37895
ARO:3001496	37896
ARO:3001676	38076
ARO:3001677	38077
ARO:3001678	38078
ARO:3001498	37898
ARO:3001419	37819
ARO:3001499	37899
ARO:3001679	38079
ARO:3001680	38080
ARO:3001610	38010
ARO:3001786	38186
ARO:3001787	38187
ARO:3001807	38207
ARO:3001791	38191
ARO:3001673	38073
ARO:3001674	38074
ARO:3001420	37820
ARO:3001675	38075
ARO:3001500	37900
ARO:3001501	37901
ARO:3001689	38089
ARO:3001682	38082
ARO:3001690	38090
ARO:3001502	37902
ARO:3001694	38094
ARO:3001503	37903
ARO:3001715	38115
ARO:3001421	37821
ARO:3001716	38116
ARO:3001717	38117
ARO:3001718	38118
ARO:3001719	38119
ARO:3001720	38120
ARO:3001721	38121
ARO:3001722	38122
ARO:3001723	38123
ARO:3001724	38124
ARO:3001725	38125
ARO:3001422	37822
ARO:3001726	38126
ARO:3001727	38127
ARO:3001728	38128
ARO:3001729	38129
ARO:3001730	38130
ARO:3001731	38131
ARO:3001732	38132
ARO:3001733	38133
ARO:3001681	38081
ARO:3001734	38134
ARO:3001423	37823
ARO:3001735	38135
ARO:3001736	38136
ARO:3001737	38137
ARO:3001738	38138
ARO:3001739	38139
ARO:3001740	38140
ARO:3001741	38141
ARO:3001742	38142
ARO:3001743	38143
ARO:3001744	38144
ARO:3001424	37824
ARO:3001745	38145
ARO:3001746	38146
ARO:3001747	38147
ARO:3001748	38148
ARO:3001749	38149
ARO:3001750	38150
ARO:3001751	38151
ARO:3001752	38152
ARO:3001753	38153
ARO:3001754	38154
ARO:3001398	37798
ARO:3001755	38155
ARO:3001756	38156
ARO:3001757	38157
ARO:3001758	38158
ARO:3001759	38159
ARO:3001760	38160
ARO:3001761	38161
ARO:3001762	38162
ARO:3001763	38163
ARO:3001504	37904
ARO:3001425	37825
ARO:3001683	38083
ARO:3001684	38084
ARO:3001685	38085
ARO:3001686	38086
ARO:3001687	38087
ARO:3001688	38088
ARO:3001426	37826
ARO:3001793	38193
ARO:3001510	37910
ARO:3001511	37911
ARO:3001512	37912
ARO:3001513	37913
ARO:3001514	37914
ARO:3001515	37915
ARO:3001516	37916
ARO:3001517	37917
ARO:3001427	37827
ARO:3001518	37918
ARO:3001519	37919
ARO:3001520	37920
ARO:3001521	37921
ARO:3001522	37922
ARO:3001523	37923
ARO:3001524	37924
ARO:3001525	37925
ARO:3001526	37926
ARO:3001527	37927
ARO:3001428	37828
ARO:3001528	37928
ARO:3001529	37929
ARO:3001530	37930
ARO:3001531	37931
ARO:3001532	37932
ARO:3001533	37933
ARO:3001534	37934
ARO:3001777	38177
ARO:3001535	37935
ARO:3001536	37936
ARO:3001429	37829
ARO:3001537	37937
ARO:3001538	37938
ARO:3001539	37939
ARO:3001540	37940
ARO:3001541	37941
ARO:3001542	37942
ARO:3001543	37943
ARO:3001544	37944
ARO:3001545	37945
ARO:3001546	37946
ARO:3001430	37830
ARO:3001547	37947
ARO:3001548	37948
ARO:3001549	37949
ARO:3001550	37950
ARO:3001551	37951
ARO:3001552	37952
ARO:3001553	37953
ARO:3001555	37955
ARO:3001431	37831
ARO:3001774	38174
ARO:3001557	37957
ARO:3001558	37958
ARO:3001559	37959
ARO:3001560	37960
ARO:3001561	37961
ARO:3001562	37962
ARO:3001563	37963
ARO:3001564	37964
ARO:3001565	37965
ARO:3001566	37966
ARO:3001567	37967
ARO:3001568	37968
ARO:3001569	37969
ARO:3001570	37970
ARO:3001571	37971
ARO:3001572	37972
ARO:3001573	37973
ARO:3001574	37974
ARO:3001575	37975
ARO:3001576	37976
ARO:3001577	37977
ARO:3001578	37978
ARO:3001581	37981
ARO:3001582	37982
ARO:3001583	37983
ARO:3001584	37984
ARO:3001399	37799
ARO:3001586	37986
ARO:3001587	37987
ARO:3001588	37988
ARO:3001589	37989
ARO:3001595	37995
ARO:3001596	37996
ARO:3001597	37997
ARO:3001598	37998
ARO:3001599	37999
ARO:3001600	38000
ARO:3001601	38001
ARO:3001602	38002
ARO:3001603	38003
ARO:3001604	38004
ARO:3001605	38005
ARO:3001606	38006
ARO:3001607	38007
ARO:3001608	38008
ARO:3002496	38896
ARO:3001769	38169
ARO:3003116	39693
ARO:3003117	39694
ARO:3003160	39737
ARO:3003161	39738
ARO:3003147	39724
ARO:3003148	39725
ARO:3003149	39726
ARO:3003115	39692
ARO:3003120	39697
ARO:3001770	38170
ARO:3003121	39698
ARO:3003124	39701
ARO:3003125	39702
ARO:3003126	39703
ARO:3003162	39739
ARO:3003128	39705
ARO:3003593	40203
ARO:3003594	40204
ARO:3003595	40205
ARO:3003596	40206
ARO:3003597	40207
ARO:3003598	40208
ARO:3003599	40209
ARO:3003600	40210
ARO:3003602	40212
ARO:3003603	40213
ARO:3003604	40214
ARO:3003605	40215
ARO:3001794	38194
ARO:3003606	40216
ARO:3003607	40217
ARO:3003608	40218
ARO:3003609	40219
ARO:3003610	40220
ARO:3003611	40221
ARO:3003613	40223
ARO:3003614	40224
ARO:3003615	40225
ARO:3001797	38197
ARO:3003616	40226
ARO:3003617	40227
ARO:3003620	40230
ARO:3003621	40231
ARO:3003622	40232
ARO:3001781	38181
ARO:3003626	40236
ARO:3003627	40237
ARO:3003628	40238
ARO:3003629	40239
ARO:3003631	40241
ARO:3003632	40242
ARO:3003633	40243
ARO:3003634	40244
ARO:3003635	40245
ARO:3003636	40246
ARO:3001782	38182
ARO:3003637	40247
ARO:3003638	40248
ARO:3003639	40249
ARO:3003640	40250
ARO:3003641	40251
ARO:3003642	40252
ARO:3003643	40253
ARO:3003645	40255
ARO:3005724	44186
ARO:3001671	38071
ARO:3005725	44187
ARO:3005726	44188
ARO:3005727	44189
ARO:3005335	43694
ARO:3005728	44190
ARO:3005729	44191
ARO:3005343	43702
ARO:3001400	37800
ARO:3001796	38196
ARO:3005730	44192
ARO:3005731	44193
ARO:3005732	44194
ARO:3005733	44195
ARO:3005734	44196
ARO:3005735	44197
ARO:3005736	44198
ARO:3005737	44199
ARO:3005738	44200
ARO:3005739	44201
ARO:3001612	38012
ARO:3005740	44202
ARO:3005741	44203
ARO:3005742	44204
ARO:3005743	44205
ARO:3005744	44206
ARO:3005745	44207
ARO:3005746	44208
ARO:3005747	44209
ARO:3005748	44210
ARO:3005749	44211
ARO:3005750	44212
ARO:3005751	44213
ARO:3005752	44214
ARO:3005753	44215
ARO:3005754	44216
ARO:3005755	44217
ARO:3005756	44218
ARO:3005757	44219
ARO:3005758	44220
ARO:3005759	44221
ARO:3001810	38210
ARO:3005760	44222
ARO:3005761	44223
ARO:3005762	44224
ARO:3005763	44225
ARO:3005764	44226
ARO:3004362	41535
ARO:3005765	44227
ARO:3005766	44228
ARO:3005767	44229
ARO:3005317	43674
ARO:3001812	38212
ARO:3005314	43671
ARO:3005321	43678
ARO:3005768	44230
ARO:3005318	43675
ARO:3005222	43578
ARO:3005769	44231
ARO:3005770	44232
ARO:3005771	44233
ARO:3005772	44234
ARO:3005773	44235
ARO:3001813	38213
ARO:3005774	44236
ARO:3005775	44237
ARO:3005776	44238
ARO:3005777	44239
ARO:3005778	44240
ARO:3005779	44241
ARO:3005780	44242
ARO:3005781	44243
ARO:3005782	44244
ARO:3005783	44245
ARO:3001795	38195
ARO:3005784	44246
ARO:3005785	44247
ARO:3005786	44248
ARO:3005787	44249
ARO:3005788	44250
ARO:3005789	44251
ARO:3005790	44252
ARO:3005791	44253
ARO:3005792	44254
ARO:3005793	44255
ARO:3001771	38171
ARO:3005324	43681
ARO:3005326	43684
ARO:3005794	44256
ARO:3005325	43683
ARO:3005795	44257
ARO:3005796	44258
ARO:3005797	44259
ARO:3005798	44260
ARO:3005799	44261
ARO:3005800	44262
ARO:3001611	38011
ARO:3005801	44263
ARO:3005802	44264
ARO:3005803	44265
ARO:3005804	44266
ARO:3005805	44267
ARO:3005806	44268
ARO:3005807	44269
ARO:3005808	44270
ARO:3005809	44271
ARO:3005810	44272
ARO:3001772	38172
ARO:3005811	44273
ARO:3005812	44274
ARO:3005813	44275
ARO:3005814	44276
ARO:3005815	44277
ARO:3005816	44278
ARO:3005817	44279
ARO:3005818	44280
ARO:3005819	44281
ARO:3005820	44282
ARO:3001808	38208
ARO:3005821	44283
ARO:3005822	44284
ARO:3005823	44285
ARO:3005824	44286
ARO:3005825	44287
ARO:3005826	44288
ARO:3005827	44289
ARO:3005828	44290
ARO:3005829	44291
ARO:3005830	44292
ARO:3001773	38173
ARO:3005831	44293
ARO:3005832	44294
ARO:3005833	44295
ARO:3005834	44296
ARO:3005835	44297
ARO:3005836	44298
ARO:3005837	44299
ARO:3005838	44300
ARO:3005839	44301
ARO:3005840	44302
ARO:3001792	38192
ARO:3005841	44303
ARO:3005842	44304
ARO:3005843	44305
ARO:3005844	44306
ARO:3005845	44307
ARO:3005846	44308
ARO:3005847	44309
ARO:3005848	44310
ARO:3005849	44311
ARO:3005850	44312
ARO:3001764	38164
ARO:3005851	44313
ARO:3005852	44314
ARO:3005853	44315
ARO:3005854	44316
ARO:3005855	44317
ARO:3005856	44318
ARO:3005857	44319
ARO:3005858	44320
ARO:3005859	44321
ARO:3005860	44322
ARO:3001613	38013
ARO:3005861	44323
ARO:3005333	43692
ARO:3005862	44324
ARO:3005863	44325
ARO:3005864	44326
ARO:3005865	44327
ARO:3005339	43698
ARO:3005337	43696
ARO:3005338	43697
ARO:3005340	43699
ARO:3001614	38014
ARO:3005866	44328
ARO:3005867	44329
ARO:3005868	44330
ARO:3005342	43701
ARO:3005869	44331
ARO:3005870	44332
ARO:3005871	44333
ARO:3005872	44334
ARO:3005873	44335
ARO:3005874	44336
ARO:3001615	38015
ARO:3005875	44337
ARO:3005876	44338
ARO:3005877	44339
ARO:3004489	41930
ARO:3004479	41740
ARO:3004478	41738
ARO:3005878	44340
ARO:3005879	44341
ARO:3005158	43375
ARO:3005880	44342
ARO:3001437	37837
ARO:3005881	44343
ARO:3005328	43686
ARO:3005327	43685
ARO:3005329	43687
ARO:3005882	44344
ARO:3005883	44345
ARO:3005884	44346
ARO:3005885	44347
ARO:3005886	44348
ARO:3005887	44349
ARO:3001616	38016
ARO:3005888	44350
ARO:3005319	43676
ARO:3005889	44351
ARO:3005890	44352
ARO:3005891	44353
ARO:3005892	44354
ARO:3005893	44355
ARO:3005894	44356
ARO:3005895	44357
ARO:3005896	44358
ARO:3001617	38017
ARO:3005897	44359
ARO:3005898	44360
ARO:3005899	44361
ARO:3005900	44362
ARO:3005901	44363
ARO:3005902	44364
ARO:3005903	44365
ARO:3005904	44366
ARO:3005905	44367
ARO:3005906	44368
ARO:3001402	37802
ARO:3001618	38018
ARO:3005907	44369
ARO:3005908	44370
ARO:3005909	44371
ARO:3005910	44372
ARO:3005911	44373
ARO:3005912	44374
ARO:3005913	44375
ARO:3005914	44376
ARO:3005915	44377
ARO:3005916	44378
ARO:3001619	38019
ARO:3005917	44379
ARO:3005918	44380
ARO:3005919	44381
ARO:3005920	44382
ARO:3005921	44383
ARO:3005922	44384
ARO:3005923	44385
ARO:3005924	44386
ARO:3005925	44387
ARO:3005926	44388
ARO:3001705	38105
ARO:3005927	44389
ARO:3005928	44390
ARO:3005929	44391
ARO:3005930	44392
ARO:3004837	42971
ARO:3005931	44393
ARO:3005932	44394
ARO:3005933	44395
ARO:3005934	44396
ARO:3001785	38185
ARO:3005935	44397
ARO:3005936	44398
ARO:3005937	44399
ARO:3005938	44400
ARO:3005939	44401
ARO:3005940	44402
ARO:3005941	44403
ARO:3005320	43677
ARO:3005942	44404
ARO:3005943	44405
ARO:3001798	38198
ARO:3005944	44406
ARO:3005945	44407
ARO:3005946	44408
ARO:3005947	44409
ARO:3005948	44410
ARO:3005949	44411
ARO:3005950	44412
ARO:3005951	44413
ARO:3005952	44414
ARO:3005953	44415
ARO:3001620	38020
ARO:3005954	44416
ARO:3005955	44417
ARO:3005956	44418
ARO:3005957	44419
ARO:3005958	44420
ARO:3005959	44421
ARO:3005960	44422
ARO:3005961	44423
ARO:3005962	44424
ARO:3005963	44425
ARO:3001621	38021
ARO:3005964	44426
ARO:3005965	44427
ARO:3005966	44428
ARO:3005967	44429
ARO:3005968	44430
ARO:3005969	44431
ARO:3005970	44432
ARO:3005971	44433
ARO:3005972	44434
ARO:3005973	44435
ARO:3001622	38022
ARO:3005974	44436
ARO:3005975	44437
ARO:3005976	44438
ARO:3005977	44439
ARO:3005978	44440
ARO:3005979	44441
ARO:3005980	44442
ARO:3005981	44443
ARO:3005982	44444
ARO:3005315	43672
ARO:3001645	38045
ARO:3005983	44445
ARO:3005984	44446
ARO:3005985	44447
ARO:3005986	44448
ARO:3005987	44449
ARO:3005988	44450
ARO:3005989	44451
ARO:3005990	44452
ARO:3005991	44453
ARO:3005992	44454
ARO:3001633	38033
ARO:3005993	44455
ARO:3005994	44456
ARO:3005995	44457
ARO:3005996	44458
ARO:3005997	44459
ARO:3005998	44460
ARO:3005999	44461
ARO:3001634	38034
ARO:3006000	44462
ARO:3006001	44463
ARO:3006002	44464
ARO:3006003	44465
ARO:3006004	44466
ARO:3006005	44467
ARO:3006006	44468
ARO:3006007	44469
ARO:3006008	44470
ARO:3006009	44471
ARO:3006010	44472
ARO:3006011	44473
ARO:3005160	43378
ARO:3006012	44474
ARO:3006013	44475
ARO:3006014	44476
ARO:3006015	44477
ARO:3006016	44478
ARO:3005159	43377
ARO:3006017	44479
ARO:3001635	38035
ARO:3006018	44480
ARO:3006019	44481
ARO:3006020	44482
ARO:3006021	44483
ARO:3006022	44484
ARO:3005344	43703
ARO:3006023	44485
ARO:3006024	44486
ARO:3006025	44487
ARO:3006026	44488
ARO:3001623	38023
ARO:3006027	44489
ARO:3006028	44490
ARO:3006029	44491
ARO:3006030	44492
ARO:3006031	44493
ARO:3005322	43679
ARO:3006032	44494
ARO:3005060	43263
ARO:3005316	43673
ARO:3006033	44495
ARO:3001624	38024
ARO:3006034	44496
ARO:3006035	44497
ARO:3006036	44498
ARO:3006037	44499
ARO:3006038	44500
ARO:3006039	44501
ARO:3005130	43347
ARO:3006040	44502
ARO:3006041	44503
ARO:3006042	44504
ARO:3001780	38180
ARO:3005138	43355
ARO:3006043	44505
ARO:3006044	44506
ARO:3006045	44507
ARO:3006046	44508
ARO:3006047	44509
ARO:3006048	44510
ARO:3006049	44511
ARO:3006050	44512
ARO:3006051	44513
ARO:3001703	38103
ARO:3006052	44514
ARO:3006053	44515
ARO:3006054	44516
ARO:3006055	44517
ARO:3006056	44518
ARO:3006057	44519
ARO:3006058	44520
ARO:3006059	44521
ARO:3006060	44522
ARO:3006061	44523
ARO:3001704	38104
ARO:3006062	44524
ARO:3006063	44525
ARO:3006064	44526
ARO:3006065	44527
ARO:3006066	44528
ARO:3006067	44529
ARO:3006068	44530
ARO:3006069	44531
ARO:3006070	44532
ARO:3006071	44533
ARO:3001626	38026
ARO:3006072	44534
ARO:3006073	44535
ARO:3006074	44536
ARO:3006075	44537
ARO:3006076	44538
ARO:3006077	44539
ARO:3006078	44540
ARO:3006079	44541
ARO:3006080	44542
ARO:3006081	44543
ARO:3001625	38025
ARO:3006082	44544
ARO:3006083	44545
ARO:3006084	44546
ARO:3006085	44547
ARO:3006086	44548
ARO:3005332	43691
ARO:3006087	44549
ARO:3005341	43700
ARO:3005094	43307
ARO:3005093	43306
ARO:3001404	37804
ARO:3001650	38050
ARO:3006088	44550
ARO:3006089	44551
ARO:3006090	44552
ARO:3006091	44553
ARO:3006092	44554
ARO:3006093	44555
ARO:3005136	43353
ARO:3006094	44556
ARO:3006095	44557
ARO:3006096	44558
ARO:3001627	38027
ARO:3006097	44559
ARO:3006098	44560
ARO:3006099	44561
ARO:3006100	44562
ARO:3006101	44563
ARO:3005336	43695
ARO:3006102	44564
ARO:3006103	44565
ARO:3006104	44566
ARO:3006105	44567
ARO:3001632	38032
ARO:3006106	44568
ARO:3006107	44569
ARO:3006108	44570
ARO:3006109	44571
ARO:3006110	44572
ARO:3006111	44573
ARO:3005323	43680
ARO:3006112	44574
ARO:3006113	44575
ARO:3006114	44576
ARO:3001628	38028
ARO:3005331	43690
ARO:3005330	43689
ARO:3006115	44577
ARO:3006116	44578
ARO:3006117	44579
ARO:3006118	44580
ARO:3006119	44581
ARO:3001629	38029
ARO:3006120	44582
ARO:3006121	44583
ARO:3006122	44584
ARO:3006123	44585
ARO:3006124	44586
ARO:3006125	44587
ARO:3006126	44588
ARO:3006127	44589
ARO:3006128	44590
ARO:3001630	38030
ARO:3001631	38031
ARO:3001647	38047
ARO:3001646	38046
ARO:3001649	38049
ARO:3002389	38789
ARO:3002390	38790
ARO:3002391	38791
ARO:3002392	38792
ARO:3002394	38794
ARO:3002396	38796
ARO:3002405	38805
ARO:3002406	38806
ARO:3002407	38807
ARO:3002408	38808
ARO:3006129	44591
ARO:3006130	44592
ARO:3002397	38797
ARO:3002398	38798
ARO:3002399	38799
ARO:3002400	38800
ARO:3002401	38801
ARO:3002402	38802
ARO:3002403	38803
ARO:3002404	38804
ARO:3002409	38809
ARO:3002410	38810
ARO:3002411	38811
ARO:3002412	38812
ARO:3002413	38813
ARO:3002414	38814
ARO:3002415	38815
ARO:3002416	38816
ARO:3005150	43367
ARO:3007199	45941
ARO:3007200	45943
ARO:3007201	45945
ARO:3005068	43272
ARO:3005067	43271
ARO:3003493	40095
ARO:3000024	36033
ARO:3000025	36034
ARO:3006964	45426
ARO:3000621	36963
ARO:3002497	38897
ARO:3002509	38909
ARO:3006480	44942
ARO:3006481	44943
ARO:3006482	44944
ARO:3006483	44945
ARO:3005305	43662
ARO:3005277	43634
ARO:3006484	44946
ARO:3006485	44947
ARO:3006486	44948
ARO:3006487	44949
ARO:3005132	43349
ARO:3006488	44950
ARO:3006489	44951
ARO:3006490	44952
ARO:3006491	44953
ARO:3006492	44954
ARO:3006493	44955
ARO:3006494	44956
ARO:3005303	43660
ARO:3005278	43635
ARO:3005309	43666
ARO:3006495	44957
ARO:3006496	44958
ARO:3006497	44959
ARO:3006498	44960
ARO:3006499	44961
ARO:3006500	44962
ARO:3006501	44963
ARO:3006502	44964
ARO:3006503	44965
ARO:3006504	44966
ARO:3006505	44967
ARO:3006506	44968
ARO:3006507	44969
ARO:3006508	44970
ARO:3006509	44971
ARO:3006510	44972
ARO:3006511	44973
ARO:3006512	44974
ARO:3006513	44975
ARO:3006514	44976
ARO:3006515	44977
ARO:3006516	44978
ARO:3005127	43344
ARO:3006517	44979
ARO:3006518	44980
ARO:3006519	44981
ARO:3006520	44982
ARO:3006521	44983
ARO:3006522	44984
ARO:3006523	44985
ARO:3006524	44986
ARO:3006525	44987
ARO:3006526	44988
ARO:3006527	44989
ARO:3006528	44990
ARO:3006529	44991
ARO:3006530	44992
ARO:3006531	44993
ARO:3006532	44994
ARO:3006533	44995
ARO:3006534	44996
ARO:3006535	44997
ARO:3006536	44998
ARO:3006537	44999
ARO:3006538	45000
ARO:3006539	45001
ARO:3006540	45002
ARO:3006541	45003
ARO:3006542	45004
ARO:3006543	45005
ARO:3006544	45006
ARO:3006545	45007
ARO:3006546	45008
ARO:3006547	45009
ARO:3006548	45010
ARO:3006549	45011
ARO:3006550	45012
ARO:3006551	45013
ARO:3006552	45014
ARO:3005306	43663
ARO:3006553	45015
ARO:3006554	45016
ARO:3006555	45017
ARO:3006556	45018
ARO:3006557	45019
ARO:3006558	45020
ARO:3006559	45021
ARO:3006560	45022
ARO:3006561	45023
ARO:3006562	45024
ARO:3005299	43656
ARO:3006563	45025
ARO:3006564	45026
ARO:3006565	45027
ARO:3006566	45028
ARO:3006567	45029
ARO:3006568	45030
ARO:3006569	45031
ARO:3006570	45032
ARO:3006571	45033
ARO:3006572	45034
ARO:3006573	45035
ARO:3006574	45036
ARO:3006575	45037
ARO:3006576	45038
ARO:3006577	45039
ARO:3006578	45040
ARO:3005295	43652
ARO:3005292	43649
ARO:3002498	38898
ARO:3006579	45041
ARO:3006580	45042
ARO:3005285	43642
ARO:3006581	45043
ARO:3006582	45044
ARO:3006583	45045
ARO:3006584	45046
ARO:3006585	45047
ARO:3005300	43657
ARO:3006586	45048
ARO:3006587	45049
ARO:3006588	45050
ARO:3006589	45051
ARO:3005289	43646
ARO:3006590	45052
ARO:3006591	45053
ARO:3006592	45054
ARO:3006593	45055
ARO:3006594	45056
ARO:3006595	45057
ARO:3006596	45058
ARO:3006597	45059
ARO:3006598	45060
ARO:3006599	45061
ARO:3006600	45062
ARO:3006601	45063
ARO:3006602	45064
ARO:3006603	45065
ARO:3006604	45066
ARO:3005274	43631
ARO:3006605	45067
ARO:3006606	45068
ARO:3006607	45069
ARO:3006608	45070
ARO:3005155	43372
ARO:3006609	45071
ARO:3005304	43661
ARO:3006610	45072
ARO:3006611	45073
ARO:3006612	45074
ARO:3006613	45075
ARO:3006614	45076
ARO:3006615	45077
ARO:3006616	45078
ARO:3006617	45079
ARO:3006618	45080
ARO:3005143	43360
ARO:3006619	45081
ARO:3006620	45082
ARO:3006621	45083
ARO:3006622	45084
ARO:3006623	45085
ARO:3006624	45086
ARO:3006625	45087
ARO:3006626	45088
ARO:3006627	45089
ARO:3006628	45090
ARO:3006629	45091
ARO:3006630	45092
ARO:3006631	45093
ARO:3006632	45094
ARO:3006633	45095
ARO:3005297	43654
ARO:3006634	45096
ARO:3005311	43668
ARO:3005281	43638
ARO:3006635	45097
ARO:3006636	45098
ARO:3006637	45099
ARO:3006638	45100
ARO:3006639	45101
ARO:3006640	45102
ARO:3005284	43641
ARO:3006641	45103
ARO:3006642	45104
ARO:3006643	45105
ARO:3006644	45106
ARO:3006645	45107
ARO:3006646	45108
ARO:3005296	43653
ARO:3006647	45109
ARO:3006648	45110
ARO:3006649	45111
ARO:3006650	45112
ARO:3006651	45113
ARO:3006652	45114
ARO:3006653	45115
ARO:3005156	43373
ARO:3006654	45116
ARO:3006655	45117
ARO:3006656	45118
ARO:3006657	45119
ARO:3005276	43633
ARO:3005287	43644
ARO:3006658	45120
ARO:3006659	45121
ARO:3006660	45122
ARO:3006661	45123
ARO:3006662	45124
ARO:3006663	45125
ARO:3005307	43664
ARO:3005298	43655
ARO:3006664	45126
ARO:3006665	45127
ARO:3006666	45128
ARO:3006667	45129
ARO:3006668	45130
ARO:3006669	45131
ARO:3002500	38900
ARO:3006670	45132
ARO:3006671	45133
ARO:3006672	45134
ARO:3006673	45135
ARO:3006674	45136
ARO:3006675	45137
ARO:3006676	45138
ARO:3005301	43658
ARO:3006677	45139
ARO:3006678	45140
ARO:3006679	45141
ARO:3006680	45142
ARO:3006681	45143
ARO:3006682	45144
ARO:3006683	45145
ARO:3005310	43667
ARO:3006684	45146
ARO:3006685	45147
ARO:3006686	45148
ARO:3006687	45149
ARO:3006688	45150
ARO:3006689	45151
ARO:3006690	45152
ARO:3006691	45153
ARO:3006692	45154
ARO:3006693	45155
ARO:3005280	43637
ARO:3005279	43636
ARO:3006694	45156
ARO:3006695	45157
ARO:3006696	45158
ARO:3006697	45159
ARO:3006698	45160
ARO:3006699	45161
ARO:3006700	45162
ARO:3006701	45163
ARO:3006702	45164
ARO:3006703	45165
ARO:3006704	45166
ARO:3006705	45167
ARO:3006706	45168
ARO:3005288	43645
ARO:3006707	45169
ARO:3006708	45170
ARO:3006709	45171
ARO:3006710	45172
ARO:3006711	45173
ARO:3006712	45174
ARO:3006713	45175
ARO:3006714	45176
ARO:3006715	45177
ARO:3005286	43643
ARO:3006716	45178
ARO:3006717	45179
ARO:3006718	45180
ARO:3006719	45181
ARO:3006720	45182
ARO:3006721	45183
ARO:3005290	43647
ARO:3006722	45184
ARO:3006723	45185
ARO:3006724	45186
ARO:3006725	45187
ARO:3006726	45188
ARO:3006727	45189
ARO:3006728	45190
ARO:3006729	45191
ARO:3006730	45192
ARO:3006731	45193
ARO:3006732	45194
ARO:3006733	45195
ARO:3006734	45196
ARO:3006735	45197
ARO:3006736	45198
ARO:3006737	45199
ARO:3006738	45200
ARO:3006739	45201
ARO:3006740	45202
ARO:3006741	45203
ARO:3006742	45204
ARO:3006743	45205
ARO:3006744	45206
ARO:3006745	45207
ARO:3006746	45208
ARO:3005302	43659
ARO:3006747	45209
ARO:3006748	45210
ARO:3006749	45211
ARO:3006750	45212
ARO:3005293	43650
ARO:3006751	45213
ARO:3006752	45214
ARO:3006753	45215
ARO:3005283	43640
ARO:3006754	45216
ARO:3006755	45217
ARO:3006756	45218
ARO:3006757	45219
ARO:3006758	45220
ARO:3006759	45221
ARO:3006760	45222
ARO:3006761	45223
ARO:3006762	45224
ARO:3005308	43665
ARO:3006763	45225
ARO:3006764	45226
ARO:3006765	45227
ARO:3006766	45228
ARO:3006767	45229
ARO:3006768	45230
ARO:3002501	38901
ARO:3006769	45231
ARO:3006770	45232
ARO:3006771	45233
ARO:3006772	45234
ARO:3006773	45235
ARO:3006774	45236
ARO:3006775	45237
ARO:3006776	45238
ARO:3006777	45239
ARO:3006778	45240
ARO:3006779	45241
ARO:3005157	43374
ARO:3006780	45242
ARO:3006781	45243
ARO:3006782	45244
ARO:3005282	43639
ARO:3006783	45245
ARO:3006784	45246
ARO:3006785	45247
ARO:3006786	45248
ARO:3006787	45249
ARO:3006788	45250
ARO:3006789	45251
ARO:3006790	45252
ARO:3006791	45253
ARO:3006792	45254
ARO:3006793	45255
ARO:3006794	45256
ARO:3006795	45257
ARO:3006796	45258
ARO:3006797	45259
ARO:3006798	45260
ARO:3005312	43669
ARO:3005134	43351
ARO:3006799	45261
ARO:3006800	45262
ARO:3006801	45263
ARO:3006802	45264
ARO:3006803	45265
ARO:3006804	45266
ARO:3006805	45267
ARO:3006806	45268
ARO:3005275	43632
ARO:3006807	45269
ARO:3005142	43359
ARO:3006808	45270
ARO:3006809	45271
ARO:3006810	45272
ARO:3006811	45273
ARO:3006812	45274
ARO:3006813	45275
ARO:3006814	45276
ARO:3006815	45277
ARO:3006816	45278
ARO:3005313	43670
ARO:3005145	43362
ARO:3006817	45279
ARO:3006818	45280
ARO:3006819	45281
ARO:3006820	45282
ARO:3006821	45283
ARO:3006822	45284
ARO:3006823	45285
ARO:3006824	45286
ARO:3006825	45287
ARO:3006826	45288
ARO:3006827	45289
ARO:3006828	45290
ARO:3005294	43651
ARO:3006829	45291
ARO:3006830	45292
ARO:3005291	43648
ARO:3006831	45293
ARO:3006832	45294
ARO:3006833	45295
ARO:3006834	45296
ARO:3006835	45297
ARO:3005128	43345
ARO:3006836	45298
ARO:3006837	45299
ARO:3006838	45300
ARO:3006839	45301
ARO:3006840	45302
ARO:3006841	45303
ARO:3006842	45304
ARO:3005148	43365
ARO:3005146	43363
ARO:3002502	38902
ARO:3005147	43364
ARO:3005129	43346
ARO:3005141	43358
ARO:3005151	43368
ARO:3005135	43352
ARO:3005039	43237
ARO:3005140	43357
ARO:3005125	43342
ARO:3006843	45305
ARO:3005137	43354
ARO:3002505	38905
ARO:3006844	45306
ARO:3005144	43361
ARO:3005133	43350
ARO:3005124	43341
ARO:3006845	45307
ARO:3005038	43236
ARO:3005126	43343
ARO:3005139	43356
ARO:3005122	43339
ARO:3005153	43370
ARO:3002506	38906
ARO:3005123	43340
ARO:3006846	45308
ARO:3005152	43369
ARO:3004336	41504
ARO:3004337	41505
ARO:3004338	41506
ARO:3004339	41507
ARO:3004340	41508
ARO:3004341	41509
ARO:3004342	41510
ARO:3002507	38907
ARO:3004343	41511
ARO:3004344	41512
ARO:3004345	41513
ARO:3004346	41514
ARO:3004347	41515
ARO:3004348	41516
ARO:3004349	41517
ARO:3004350	41518
ARO:3004351	41519
ARO:3004352	41520
ARO:3002508	38908
ARO:3004353	41521
ARO:3004354	41522
ARO:3004355	41523
ARO:3004356	41524
ARO:3006847	45309
ARO:3006848	45310
ARO:3006849	45311
ARO:3006850	45312
ARO:3006851	45313
ARO:3006852	45314
ARO:3003670	40288
ARO:3003714	40368
ARO:3003715	40369
ARO:3002363	38763
ARO:3006131	44593
ARO:3006132	44594
ARO:3006133	44595
ARO:3006134	44596
ARO:3006135	44597
ARO:3006136	44598
ARO:3006137	44599
ARO:3002364	38764
ARO:3002365	38765
ARO:3002366	38766
ARO:3002367	38767
ARO:3002368	38768
ARO:3002369	38769
ARO:3003184	39761
ARO:3006138	44600
ARO:3004666	42709
ARO:3006965	45427
ARO:3006966	45428
ARO:3006967	45429
ARO:3007021	45492
ARO:3003920	40628
ARO:3007374	46122
ARO:3006968	45430
ARO:3006969	45431
ARO:3006970	45432
ARO:3006971	45433
ARO:3003361	39945
ARO:3002689	39123
ARO:3006972	45434
ARO:3006973	45435
ARO:3004077	41170
ARO:3000822	37202
ARO:3003578	40188
ARO:3004571	42480
ARO:3006974	45436
ARO:3006975	45437
ARO:3004114	41238
ARO:3004470	41688
ARO:3002812	39246
ARO:3007085	45648
ARO:3004161	41308
ARO:3007491	46259
ARO:3002678	39112
ARO:3002679	39113
ARO:3004054	41119
ARO:3004038	41082
ARO:3003702	40355
ARO:3003684	40319
ARO:3003686	40321
ARO:3003685	40320
ARO:3004107	41228
ARO:3003895	40597
ARO:3003896	40598
ARO:3006976	45438
ARO:3006977	45439
ARO:3006978	45440
ARO:3007648	46424
ARO:3007659	46437
ARO:3003688	40325
ARO:3003046	39480
ARO:3003047	39481
ARO:3005009	43197
ARO:3005010	43198
ARO:3007015	45484
ARO:3003836	40527
ARO:3007014	45483
ARO:3005098	43313
ARO:3000448	36587
ARO:3004103	41215
ARO:3004378	41552
ARO:3004379	41553
ARO:3002707	39141
ARO:3002708	39142
ARO:3002709	39143
ARO:3002710	39144
ARO:3002711	39145
ARO:3002712	39146
ARO:3002713	39147
ARO:3004668	42715
ARO:3002714	39148
ARO:3002724	39158
ARO:3002725	39159
ARO:3002726	39160
ARO:3002727	39161
ARO:3002728	39163
ARO:3002730	39164
ARO:3002731	39165
ARO:3002732	39166
ARO:3002733	39167
ARO:3002734	39168
ARO:3002715	39149
ARO:3002735	39169
ARO:3002736	39170
ARO:3002737	39171
ARO:3002738	39172
ARO:3002739	39173
ARO:3002740	39174
ARO:3002741	39175
ARO:3002742	39176
ARO:3002743	39177
ARO:3002744	39178
ARO:3002716	39150
ARO:3002745	39179
ARO:3002746	39180
ARO:3002747	39181
ARO:3002748	39182
ARO:3002749	39183
ARO:3002750	39184
ARO:3002751	39185
ARO:3002752	39186
ARO:3002753	39187
ARO:3002754	39188
ARO:3002718	39152
ARO:3002755	39189
ARO:3002756	39190
ARO:3002757	39191
ARO:3002758	39192
ARO:3002759	39193
ARO:3002760	39194
ARO:3002761	39195
ARO:3002762	39196
ARO:3002763	39197
ARO:3002764	39198
ARO:3002719	39153
ARO:3002765	39199
ARO:3002767	39201
ARO:3002768	39202
ARO:3002769	39203
ARO:3002770	39204
ARO:3002771	39205
ARO:3002772	39206
ARO:3002720	39154
ARO:3002773	39207
ARO:3002774	39208
ARO:3002775	39209
ARO:3002776	39210
ARO:3002777	39211
ARO:3002778	39212
ARO:3002779	39213
ARO:3002780	39214
ARO:3002781	39215
ARO:3002721	39155
ARO:3002782	39216
ARO:3002783	39217
ARO:3002784	39218
ARO:3002785	39219
ARO:3002786	39220
ARO:3003187	39764
ARO:3003188	39765
ARO:3003189	39766
ARO:3003190	39767
ARO:3002722	39156
ARO:3003192	39769
ARO:3002723	39157
ARO:3002787	39221
ARO:3002788	39222
ARO:3002789	39223
ARO:3004636	42625
ARO:3004637	42627
ARO:3002790	39224
ARO:3004622	42603
ARO:3004624	42606
ARO:3004625	42607
ARO:3004627	42611
ARO:3002791	39225
ARO:3002792	39226
ARO:3002793	39227
ARO:3002794	39228
ARO:3002795	39229
ARO:3002796	39230
ARO:3002797	39231
ARO:3002798	39232
ARO:3002799	39233
ARO:3002800	39234
ARO:3002801	39235
ARO:3002802	39236
ARO:3002803	39237
ARO:3003193	39770
ARO:3003565	40174
ARO:3007483	46250
ARO:3006979	45441
ARO:3006980	45442
ARO:3000823	37203
ARO:3005091	43304
ARO:3005090	43302
ARO:3007801	46586
ARO:3007802	46587
ARO:3000245	36384
ARO:3003563	40170
ARO:3002883	39317
ARO:3004291	41455
ARO:3002701	39135
ARO:3001301	37700
ARO:3003894	40596
ARO:3000859	37239
ARO:3000860	37240
ARO:3000861	37241
ARO:3002667	39067
ARO:3004677	42726
ARO:3004678	42727
ARO:3004679	42728
ARO:3002666	39066
ARO:3002668	39068
ARO:3003198	39781
ARO:3002995	39429
ARO:3005080	43287
ARO:3007125	45705
ARO:3007126	45706
ARO:3005072	43276
ARO:3005079	43286
ARO:3005073	43278
ARO:3005074	43279
ARO:3005075	43281
ARO:3005076	43283
ARO:3005077	43284
ARO:3005078	43285
ARO:3003048	39482
ARO:3003049	39483
ARO:3000444	36583
ARO:3003992	40874
ARO:3000501	36640
ARO:3003930	40640
ARO:3004444	41637
ARO:3006981	45443
ARO:3006982	45444
ARO:3006983	45445
ARO:3005069	43273
ARO:3006984	45446
ARO:3007662	46442
ARO:3003749	40405
ARO:3007026	45570
ARO:3007027	45571
ARO:3007028	45572
ARO:3007029	45573
ARO:3003512	40114
ARO:3002691	39125
ARO:3003926	40635
ARO:3004334	41502
ARO:3003939	40662
ARO:3003379	39963
ARO:3003382	39966
ARO:3007749	46529
ARO:3007751	46531
ARO:3007752	46533
ARO:3003307	39891
ARO:3003317	39901
ARO:3003383	39967
ARO:3002895	39329
ARO:3002898	39332
ARO:3002897	39331
ARO:3005045	43243
ARO:3000489	36628
ARO:3004856	42992
ARO:3000826	37206
ARO:3007013	45482
ARO:3003561	40167
ARO:3007012	45481
ARO:3004128	41254
ARO:3003557	40160
ARO:3006985	45447
ARO:3000849	37229
ARO:3006986	45448
ARO:3000862	37242
ARO:3006987	45449
ARO:3006988	45450
ARO:3006989	45451
ARO:3006990	45452
ARO:3006991	45453
ARO:3006992	45454
ARO:3006993	45455
ARO:3007017	45486
ARO:3007509	46278
ARO:3003940	40664
ARO:3003941	40666
ARO:3006994	45456
ARO:3001059	37439
ARO:3001338	37738
ARO:3001150	37530
ARO:3001151	37531
ARO:3001152	37532
ARO:3001153	37533
ARO:3001154	37534
ARO:3001155	37535
ARO:3001156	37536
ARO:3001157	37537
ARO:3001158	37538
ARO:3001070	37450
ARO:3001159	37539
ARO:3001160	37540
ARO:3001161	37541
ARO:3001164	37544
ARO:3001165	37545
ARO:3001340	37740
ARO:3001071	37451
ARO:3001167	37547
ARO:3001168	37548
ARO:3001169	37549
ARO:3001170	37550
ARO:3001171	37551
ARO:3001172	37552
ARO:3001173	37553
ARO:3001174	37554
ARO:3001175	37555
ARO:3001176	37556
ARO:3001072	37452
ARO:3001341	37741
ARO:3001177	37557
ARO:3001178	37558
ARO:3001179	37559
ARO:3001181	37561
ARO:3001073	37453
ARO:3001182	37562
ARO:3001183	37563
ARO:3001184	37564
ARO:3001344	37744
ARO:3001345	37745
ARO:3001185	37565
ARO:3001346	37746
ARO:3001186	37566
ARO:3001187	37567
ARO:3001188	37568
ARO:3001074	37454
ARO:3001189	37569
ARO:3001190	37570
ARO:3001191	37571
ARO:3001192	37572
ARO:3001193	37573
ARO:3001194	37574
ARO:3001195	37575
ARO:3001196	37576
ARO:3001197	37577
ARO:3001198	37578
ARO:3001075	37455
ARO:3001199	37579
ARO:3001200	37580
ARO:3001201	37581
ARO:3001202	37582
ARO:3001347	37747
ARO:3001203	37583
ARO:3001204	37584
ARO:3001352	37752
ARO:3001355	37755
ARO:3001356	37756
ARO:3001357	37757
ARO:3001361	37761
ARO:3001362	37762
ARO:3001076	37456
ARO:3001350	37750
ARO:3001364	37764
ARO:3001351	37751
ARO:3003152	39729
ARO:3003153	39730
ARO:3003154	39731
ARO:3003155	39732
ARO:3003156	39733
ARO:3001077	37457
ARO:3003590	40200
ARO:3003591	40201
ARO:3005239	43595
ARO:3005223	43579
ARO:3005210	43566
ARO:3005229	43585
ARO:3005214	43570
ARO:3005209	43565
ARO:3005232	43588
ARO:3005237	43593
ARO:3001060	37440
ARO:3001078	37458
ARO:3005248	43604
ARO:3005211	43567
ARO:3005253	43609
ARO:3005249	43605
ARO:3005213	43569
ARO:3005207	43563
ARO:3005227	43583
ARO:3005236	43592
ARO:3005226	43582
ARO:3005242	43598
ARO:3001079	37459
ARO:3005225	43581
ARO:3005230	43586
ARO:3005212	43568
ARO:3005251	43607
ARO:3005235	43591
ARO:3005243	43599
ARO:3005215	43571
ARO:3005250	43606
ARO:3005238	43594
ARO:3005231	43587
ARO:3001080	37460
ARO:3005224	43580
ARO:3005252	43608
ARO:3005208	43564
ARO:3005234	43590
ARO:3005240	43596
ARO:3005241	43597
ARO:3005228	43584
ARO:3005233	43589
ARO:3005247	43603
ARO:3001081	37461
ARO:3001082	37462
ARO:3001083	37463
ARO:3001084	37464
ARO:3001085	37465
ARO:3001086	37466
ARO:3001087	37467
ARO:3001061	37441
ARO:3001062	37442
ARO:3001088	37468
ARO:3001089	37469
ARO:3001090	37470
ARO:3001091	37471
ARO:3001092	37472
ARO:3001093	37473
ARO:3001094	37474
ARO:3001095	37475
ARO:3001096	37476
ARO:3001097	37477
ARO:3001063	37443
ARO:3001098	37478
ARO:3001099	37479
ARO:3001100	37480
ARO:3001101	37481
ARO:3001102	37482
ARO:3001103	37483
ARO:3001104	37484
ARO:3001105	37485
ARO:3001106	37486
ARO:3001064	37444
ARO:3001107	37487
ARO:3001108	37488
ARO:3001109	37489
ARO:3001110	37490
ARO:3001111	37491
ARO:3001112	37492
ARO:3001113	37493
ARO:3001114	37494
ARO:3001065	37445
ARO:3001115	37495
ARO:3001116	37496
ARO:3001117	37497
ARO:3001118	37498
ARO:3001119	37499
ARO:3001120	37500
ARO:3001121	37501
ARO:3001122	37502
ARO:3001123	37503
ARO:3001066	37446
ARO:3001124	37504
ARO:3001125	37505
ARO:3001126	37506
ARO:3001127	37507
ARO:3001128	37508
ARO:3001129	37509
ARO:3001130	37510
ARO:3001131	37511
ARO:3001132	37512
ARO:3001133	37513
ARO:3001067	37447
ARO:3001134	37514
ARO:3001135	37515
ARO:3001136	37516
ARO:3001137	37517
ARO:3001138	37518
ARO:3001139	37519
ARO:3001140	37520
ARO:3001141	37521
ARO:3001068	37448
ARO:3001144	37524
ARO:3001145	37525
ARO:3001146	37526
ARO:3001147	37527
ARO:3001148	37528
ARO:3001149	37529
ARO:3001336	37736
ARO:3001337	37737
ARO:3000846	37226
ARO:3005494	43956
ARO:3003556	40159
ARO:3000854	37234
ARO:3002379	38779
ARO:3002380	38780
ARO:3002381	38781
ARO:3002382	38782
ARO:3002383	38783
ARO:3003051	39485
ARO:3003052	39486
ARO:3003053	39487
ARO:3003055	39489
ARO:3003056	39490
ARO:3003057	39491
ARO:3003066	39500
ARO:3003067	39501
ARO:3002631	39031
ARO:3003720	40374
ARO:3003793	40478
ARO:3006995	45457
ARO:3006996	45458
ARO:3006997	45459
ARO:3006998	45460
ARO:3002828	39262
ARO:3002493	38893
ARO:3002494	38894
ARO:3006853	45315
ARO:3007442	46200
ARO:3006999	45461
ARO:3004699	42751
ARO:3007000	45462
ARO:3004058	41124
ARO:3003803	40488
ARO:3003074	39621
ARO:3004661	42703
ARO:3003735	40390
ARO:3003737	40392
ARO:3003901	40603
ARO:3003296	39880
ARO:3003301	39885
ARO:3003729	40418
ARO:3004572	42486
ARO:3003917	40625
ARO:3003769	40441
ARO:3003319	39903
ARO:3000521	36660
ARO:3000510	36649
ARO:3003776	40453
ARO:3004667	42714
ARO:3003312	39896
ARO:3003314	39898
ARO:3003315	39899
ARO:3003323	39907
ARO:3003287	39871
ARO:3003285	39869
ARO:3003291	39875
ARO:3003902	40604
ARO:3003794	40479
ARO:3004457	41668
ARO:3003774	40449
ARO:3004097	41205
ARO:3004181	41334
ARO:3004170	41320
ARO:3003311	39895
ARO:3003041	39475
ARO:3003042	39476
ARO:3003043	39477
ARO:3003387	39971
ARO:3007531	46302
ARO:3004455	41666
ARO:3004171	41322
ARO:3003359	39943
ARO:3002690	39124
ARO:3007127	45707
ARO:3002891	39325
ARO:3003318	39902
ARO:3007209	45953
ARO:3000410	36549
ARO:3000412	36551
ARO:3000413	36552
ARO:3004361	41534
ARO:3003986	40868
ARO:3000343	36482
ARO:3003554	40157
ARO:3002893	39327
ARO:3000873	37253
ARO:3000882	37262
ARO:3000964	37344
ARO:3000965	37345
ARO:3000966	37346
ARO:3000967	37347
ARO:3000968	37348
ARO:3000969	37349
ARO:3000970	37350
ARO:3000971	37351
ARO:3000972	37352
ARO:3000883	37263
ARO:3000973	37353
ARO:3000974	37354
ARO:3000975	37355
ARO:3000976	37356
ARO:3000977	37357
ARO:3000978	37358
ARO:3000979	37359
ARO:3000980	37360
ARO:3000981	37361
ARO:3000884	37264
ARO:3000982	37362
ARO:3000983	37363
ARO:3000984	37364
ARO:3000985	37365
ARO:3000986	37366
ARO:3000987	37367
ARO:3000988	37368
ARO:3000989	37369
ARO:3000990	37370
ARO:3000993	37373
ARO:3000994	37374
ARO:3000995	37375
ARO:3000996	37376
ARO:3000997	37377
ARO:3000998	37378
ARO:3000999	37379
ARO:3001000	37380
ARO:3001001	37381
ARO:3001002	37382
ARO:3001003	37383
ARO:3001004	37384
ARO:3001005	37385
ARO:3001006	37386
ARO:3001007	37387
ARO:3001012	37392
ARO:3001013	37393
ARO:3001014	37394
ARO:3001015	37395
ARO:3001016	37396
ARO:3000886	37266
ARO:3001017	37397
ARO:3001018	37398
ARO:3001019	37399
ARO:3001369	37769
ARO:3001020	37400
ARO:3001021	37401
ARO:3001022	37402
ARO:3001023	37403
ARO:3001024	37404
ARO:3001025	37405
ARO:3000887	37267
ARO:3001026	37406
ARO:3001028	37408
ARO:3001029	37409
ARO:3001030	37410
ARO:3001032	37412
ARO:3001033	37413
ARO:3001034	37414
ARO:3001035	37415
ARO:3000888	37268
ARO:3001037	37417
ARO:3001041	37421
ARO:3001042	37422
ARO:3001043	37423
ARO:3001044	37424
ARO:3001373	37773
ARO:3001045	37425
ARO:3001375	37775
ARO:3001374	37774
ARO:3001046	37426
ARO:3001047	37427
ARO:3001048	37428
ARO:3001049	37429
ARO:3000890	37270
ARO:3001050	37430
ARO:3001051	37431
ARO:3001052	37432
ARO:3001053	37433
ARO:3001054	37434
ARO:3001055	37435
ARO:3001376	37776
ARO:3001056	37436
ARO:3001057	37437
ARO:3001058	37438
ARO:3000874	37254
ARO:3000891	37271
ARO:3001378	37778
ARO:3001382	37782
ARO:3001383	37783
ARO:3001384	37784
ARO:3001385	37785
ARO:3001386	37786
ARO:3000892	37272
ARO:3001387	37787
ARO:3001388	37788
ARO:3001389	37789
ARO:3001390	37790
ARO:3001391	37791
ARO:3001392	37792
ARO:3001393	37793
ARO:3001394	37794
ARO:3003157	39734
ARO:3000893	37273
ARO:3003158	39735
ARO:3005255	43611
ARO:3005256	43612
ARO:3005257	43613
ARO:3005258	43614
ARO:3005259	43615
ARO:3005260	43616
ARO:3005261	43617
ARO:3005262	43618
ARO:3005263	43619
ARO:3005264	43620
ARO:3005265	43621
ARO:3005266	43622
ARO:3005267	43624
ARO:3005268	43625
ARO:3005269	43626
ARO:3000894	37274
ARO:3005270	43627
ARO:3005271	43628
ARO:3005272	43629
ARO:3005273	43630
ARO:3007453	46215
ARO:3007454	46216
ARO:3007448	46209
ARO:3007451	46212
ARO:3000896	37276
ARO:3000898	37278
ARO:3000899	37279
ARO:3000875	37255
ARO:3000900	37280
ARO:3000901	37281
ARO:3000902	37282
ARO:3000903	37283
ARO:3000904	37284
ARO:3000905	37285
ARO:3000906	37286
ARO:3000907	37287
ARO:3000909	37289
ARO:3000876	37256
ARO:3000910	37290
ARO:3000911	37291
ARO:3000912	37292
ARO:3000914	37294
ARO:3000916	37296
ARO:3000917	37297
ARO:3000918	37298
ARO:3000877	37257
ARO:3000921	37301
ARO:3000922	37302
ARO:3000923	37303
ARO:3000924	37304
ARO:3000926	37306
ARO:3000928	37308
ARO:3000878	37258
ARO:3000929	37309
ARO:3000930	37310
ARO:3000931	37311
ARO:3000934	37314
ARO:3000935	37315
ARO:3000879	37259
ARO:3000936	37316
ARO:3000937	37317
ARO:3000938	37318
ARO:3000939	37319
ARO:3000941	37321
ARO:3000942	37322
ARO:3000944	37324
ARO:3000946	37326
ARO:3000880	37260
ARO:3000947	37327
ARO:3000948	37328
ARO:3000949	37329
ARO:3000950	37330
ARO:3000951	37331
ARO:3000952	37332
ARO:3000953	37333
ARO:3000954	37334
ARO:3000955	37335
ARO:3000956	37336
ARO:3000881	37261
ARO:3000957	37337
ARO:3000958	37338
ARO:3000959	37339
ARO:3000960	37340
ARO:3000961	37341
ARO:3000962	37342
ARO:3000963	37343
ARO:3006139	44601
ARO:3006140	44602
ARO:3007001	45463
ARO:3007007	45469
ARO:3000561	36700
ARO:3000476	36615
ARO:3000196	36335
ARO:3000478	36617
ARO:3002870	39304
ARO:3000481	36620
ARO:3000197	36336
ARO:3002871	39305
ARO:3000565	36704
ARO:3000566	36705
ARO:3000567	36706
ARO:3000569	36708
ARO:3000572	36711
ARO:3000573	36712
ARO:3000556	36695
ARO:3003196	39779
ARO:3004613	42577
ARO:3004581	42510
ARO:3004582	42512
ARO:3004584	42514
ARO:3004586	42516
ARO:3004587	42517
ARO:3004589	42519
ARO:3004590	42520
ARO:3004591	42521
ARO:3004603	42545
ARO:3005006	43194
ARO:3004441	41632
ARO:3004576	42495
ARO:3007492	46260
ARO:3007493	46261
ARO:3007494	46262
ARO:3007838	46626
ARO:3000165	36304
ARO:3004032	41064
ARO:3003980	40861
ARO:3004035	41068
ARO:3000180	36319
ARO:3000166	36305
ARO:3004033	41066
ARO:3003981	40863
ARO:3004036	41069
ARO:3000195	36334
ARO:3000167	36306
ARO:3000168	36307
ARO:3000173	36312
ARO:3000174	36313
ARO:3000175	36314
ARO:3000177	36316
ARO:3000178	36317
ARO:3000179	36318
ARO:3000186	36325
ARO:3000190	36329
ARO:3007119	45696
ARO:3007120	45697
ARO:3007121	45698
ARO:3007122	45699
ARO:3007123	45700
ARO:3000191	36330
ARO:3003479	40072
ARO:3004653	42683
ARO:3000192	36331
ARO:3000193	36332
ARO:3000181	36320
ARO:3000194	36333
ARO:3007124	45701
ARO:3004442	41634
ARO:3000205	36344
ARO:3005166	43518
ARO:3004719	42774
ARO:3004720	42775
ARO:3005057	43259
ARO:3005056	43257
ARO:3000182	36321
ARO:3000183	36322
ARO:3005083	43292
ARO:3005081	43289
ARO:3007427	46183
ARO:3000851	37231
ARO:3003202	39786
ARO:3003203	39787
ARO:3003204	39788
ARO:3001299	37698
ARO:3002827	39261
ARO:3004105	41217
ARO:3004106	41218
ARO:3003059	39493
ARO:3000237	36376
ARO:3007759	46541
ARO:3003679	40314
ARO:3003680	40315
ARO:3003681	40316
ARO:3005334	43693
ARO:3005345	43704
ARO:3004450	41645
ARO:3003060	39494
ARO:3007002	45464
ARO:3000844	37224
ARO:3004730	42834
ARO:3005008	43196
ARO:3004059	41125
ARO:3004060	41127
ARO:3003577	40187
ARO:3003305	39889
ARO:3003309	39893
ARO:3007062	45623
ARO:3000010	36019
ARO:3000013	36022
ARO:3000368	36507
ARO:3000005	36014
ARO:3002907	39341
ARO:3002908	39342
ARO:3002909	39343
ARO:3002942	39376
ARO:3002943	39377
ARO:3002944	39378
ARO:3002945	39379
ARO:3002947	39381
ARO:3002948	39382
ARO:3007188	45927
ARO:3003723	40377
ARO:3002914	39348
ARO:3003727	40384
ARO:3002910	39344
ARO:3002911	39345
ARO:3002912	39346
ARO:3002913	39347
ARO:3007189	45928
ARO:3002919	39353
ARO:3002921	39355
ARO:3002922	39356
ARO:3002923	39357
ARO:3002924	39358
ARO:3002925	39359
ARO:3002926	39360
ARO:3003728	40385
ARO:3002927	39361
ARO:3002928	39362
ARO:3002929	39363
ARO:3002930	39364
ARO:3007191	45930
ARO:3002931	39365
ARO:3002932	39366
ARO:3002933	39367
ARO:3002934	39368
ARO:3002935	39369
ARO:3002936	39370
ARO:3002937	39371
ARO:3003726	40383
ARO:3002938	39372
ARO:3002939	39373
ARO:3002940	39374
ARO:3002941	39375
ARO:3007192	45931
ARO:3002970	39404
ARO:3002971	39405
ARO:3002972	39406
ARO:3002975	39409
ARO:3002973	39407
ARO:3002974	39408
ARO:3004253	41417
ARO:3004254	41418
ARO:3002964	39398
ARO:3002965	39399
ARO:3003724	40380
ARO:3002949	39383
ARO:3002950	39384
ARO:3003070	39600
ARO:3002952	39386
ARO:3003725	40381
ARO:3002953	39387
ARO:3002954	39388
ARO:3007190	45929
ARO:3002966	39400
ARO:3002967	39401
ARO:3003069	39549
ARO:3002968	39402
ARO:3002969	39403
ARO:3002955	39389
ARO:3002956	39390
ARO:3002957	39391
ARO:3002958	39392
ARO:3002959	39393
ARO:3002961	39395
ARO:3002962	39396
ARO:3002963	39397
ARO:3002840	39274
ARO:3002841	39275
ARO:3002842	39276
ARO:3002843	39277
ARO:3002844	39278
ARO:3003744	40399
ARO:3002845	39279
ARO:3003987	40869
ARO:3003713	40367
ARO:3002370	38770
ARO:3003146	39723
ARO:3006208	44670
ARO:3006209	44671
ARO:3006210	44672
ARO:3006211	44673
ARO:3006212	44674
ARO:3006213	44675
ARO:3006214	44676
ARO:3003712	40366
ARO:3002371	38771
ARO:3006215	44677
ARO:3006216	44678
ARO:3006217	44679
ARO:3006218	44680
ARO:3006219	44681
ARO:3006220	44682
ARO:3006221	44683
ARO:3006222	44684
ARO:3002372	38772
ARO:3002373	38773
ARO:3002375	38775
ARO:3002374	38774
ARO:3002376	38776
ARO:3002377	38777
ARO:3002378	38778
ARO:3002829	39263
ARO:3002830	39264
ARO:3000118	36257
ARO:3002831	39265
ARO:3002832	39266
ARO:3002833	39267
ARO:3004715	42770
ARO:3001307	37706
ARO:3001308	37707
ARO:3003990	40872
ARO:3007003	45465
ARO:3007004	45466
ARO:3004460	41671
ARO:3004118	41242
ARO:3004117	41241
ARO:3004289	41453
ARO:3007794	46577
ARO:3002271	38671
ARO:3002280	38680
ARO:3002281	38681
ARO:3002282	38682
ARO:3002283	38683
ARO:3002284	38684
ARO:3002285	38685
ARO:3002286	38686
ARO:3002287	38687
ARO:3002288	38688
ARO:3002289	38689
ARO:3002272	38672
ARO:3002290	38690
ARO:3002293	38693
ARO:3002294	38694
ARO:3002295	38695
ARO:3002296	38696
ARO:3002297	38697
ARO:3002298	38698
ARO:3002299	38699
ARO:3002273	38673
ARO:3002300	38700
ARO:3002301	38701
ARO:3002302	38702
ARO:3002303	38703
ARO:3002304	38704
ARO:3002305	38705
ARO:3002306	38706
ARO:3002307	38707
ARO:3002308	38708
ARO:3002309	38709
ARO:3002274	38674
ARO:3002310	38710
ARO:3002311	38711
ARO:3003178	39755
ARO:3003179	39756
ARO:3003660	40270
ARO:3003661	40271
ARO:3003662	40272
ARO:3005495	43957
ARO:3005496	43958
ARO:3005497	43959
ARO:3002275	38675
ARO:3005498	43960
ARO:3005499	43961
ARO:3005500	43962
ARO:3005501	43963
ARO:3005502	43964
ARO:3005503	43965
ARO:3005504	43966
ARO:3005505	43967
ARO:3005506	43968
ARO:3005507	43969
ARO:3002276	38676
ARO:3005508	43970
ARO:3005509	43971
ARO:3005510	43972
ARO:3005511	43973
ARO:3005512	43974
ARO:3005513	43975
ARO:3005514	43976
ARO:3005515	43977
ARO:3005516	43978
ARO:3005517	43979
ARO:3002277	38677
ARO:3005518	43980
ARO:3005519	43981
ARO:3005520	43982
ARO:3005521	43983
ARO:3007804	46590
ARO:3007812	46598
ARO:3007813	46599
ARO:3007814	46600
ARO:3007815	46602
ARO:3007816	46603
ARO:3002278	38678
ARO:3007817	46604
ARO:3007818	46605
ARO:3007819	46606
ARO:3007820	46607
ARO:3007821	46608
ARO:3007822	46609
ARO:3007823	46610
ARO:3007824	46611
ARO:3002279	38679
ARO:3005015	43204
ARO:3004476	41736
ARO:3003061	39495
ARO:3007435	46193
ARO:3003558	40163
ARO:3005040	43238
ARO:3007005	45467
ARO:3003063	39497
ARO:3003064	39498
ARO:3003952	40722
ARO:3005035	43233
ARO:3007006	45468
