ID	ARO_Index	Gene	%identity	alignment_length	mismatches	gap_opens	q_start	q_end	s_start	s_end	evalue	bit_score
NC_018658.1	gb|U00096.1|+|2484373-2487967|ARO:3000833|evgS	99.165	3594	30	0	1562283	1565876	3594	1	0.0	6471
NC_018658.1	gb|U00096.3|-|481253-484403|ARO:3000216|acrB	99.206	3150	25	0	3931881	3935030	1	3150	0.0	5679
NC_018658.1	gb|AP009048.1|+|2586250-2589364|ARO:3000491|acrD	99.037	3114	30	0	1468860	1471973	3114	1	0.0	5585
NC_018658.1	gb|U00096.1|+|3415032-3418137|ARO:3000502|AcrF	99.034	3105	30	0	535418	538522	3105	1	0.0	5568
NC_018658.1	gb|U00096.1|+|2155262-2158385|ARO:3000793|mdtB	98.623	3123	43	0	1897106	1900228	3123	1	0.0	5529
NC_018658.1	gb|U00096.1|+|3660413-3663527|ARO:3000796|mdtF	98.491	3114	47	0	275324	278437	3114	1	0.0	5491
NC_018658.1	gb|U00096.1|+|2158385-2161463|ARO:3000794|mdtC	97.368	3078	81	0	1894028	1897105	3078	1	0.0	5236
NC_018658.1	gb|AP009048.1|-|4304505-4306557|ARO:3003549|mdtO	98.635	2052	28	0	4837291	4839342	1	2052	0.0	3635
NC_018658.1	gb|U00096.3|+|966620-968369|ARO:3003950|msbA	99.085	1749	16	0	3416908	3418656	1749	1	0.0	3142
NC_018658.1	gb|AP009048.1|-|4338624-4340268|ARO:3003576|eptA	99.392	1644	10	0	4811850	4813493	1	1644	0.0	2981
NC_018658.1	gb|U00096.3|-|2306971-2308615|ARO:3003952|YojI	98.055	1645	30	2	1749110	1750753	1	1644	0.0	2859
NC_018658.1	gb|D78168.1|+|1591-3130|ARO:3000254|emrY	98.830	1539	18	0	1568074	1569612	1	1539	0.0	2743
NC_018658.1	gb|U00096.1|+|2812615-2814154|ARO:3000074|emrB	98.506	1539	23	0	1257782	1259320	1539	1	0.0	2715
NC_018658.1	gb|ASTU01000063.1|+|61248-62787|ARO:3004597|Kpne_KpnH	98.441	1539	24	0	1257782	1259320	1539	1	0.0	2710
NC_018658.1	gb|FJ768952.1|+|0-1488|ARO:3000237|TolC	98.387	1488	24	0	773474	774961	1488	1	0.0	2615
NC_018658.1	gb|AP009048.1|-|4303042-4304509|ARO:3003550|mdtP	98.228	1467	26	0	4839339	4840805	1	1467	0.0	2566
NC_018658.1	gb|BA000007.3|-|4903688-4905062|ARO:3000830|cpxA	98.763	1374	17	0	5045147	5046520	1	1374	0.0	2444
NC_018658.1	gb|AF534183.1|+|2970-4245|ARO:3000165|tet(A)	100.000	1247	0	0	66820	68066	1247	1	0.0	2303
NC_018658.1	gb|U00096.3|-|484425-485619|ARO:3004043|Ecol_acrA	99.665	1194	4	0	3930665	3931858	1	1194	0.0	2183
NC_018658.1	gb|CP000800.1|-|1191727-1192954|ARO:3001329|mdtG	98.778	1227	15	0	3122388	3123614	1	1227	0.0	2183
NC_018658.1	gb|U00096.1|+|2154015-2155263|ARO:3000792|mdtA	97.997	1248	25	0	1900228	1901475	1248	1	0.0	2167
NC_018658.1	gb|NC_004337.2|-|420956-422150|ARO:3007509|Sfle_acrA	99.246	1194	9	0	3930665	3931858	1	1194	0.0	2156
NC_018658.1	gb|U00096.1|-|1124117-1125326|ARO:3001216|mdtH	98.759	1209	15	0	3112549	3113757	1	1209	0.0	2150
NC_018658.1	gb|AP009048.1|-|3980025-3981183|ARO:3000795|mdtE	99.655	1158	4	0	278462	279619	1158	1	0.0	2117
NC_018658.1	gb|JQ394987.1|+|0-1233|ARO:3001328|Ecol_mdfA	96.918	1233	38	0	3500423	3501655	1233	1	0.0	2067
NC_018658.1	gb|AP009048.1|+|2810082-2811255|ARO:3000027|emrA	98.295	1173	20	0	1259337	1260509	1173	1	0.0	2056
NC_018658.1	gb|U00096.1|+|3413863-3415021|ARO:3000499|AcrE	98.705	1158	15	0	538534	539691	1158	1	0.0	2056
NC_018658.1	gb|U00096.3|-|4567286-4568519|ARO:3001214|mdtM	96.026	1233	49	0	4516971	4518203	1	1233	0.0	2006
NC_018658.1	gb|NG_049083.1|+|100-1234|ARO:3006878|EC-18	98.236	1134	20	0	4719391	4720524	1	1134	0.0	1984
NC_018658.1	gb|U00096.1|-|2098446-2099613|ARO:3003577|ugd	97.258	1167	32	0	1954881	1956047	1	1167	0.0	1978
NC_018658.1	gb|NG_049081.1|+|100-1234|ARO:3006876|EC-15	97.795	1134	25	0	4719391	4720524	1	1134	0.0	1956
NC_018658.1	gb|NG_049082.1|+|100-1234|ARO:3006877|EC-16	97.707	1134	26	0	4719391	4720524	1	1134	0.0	1951
NC_018658.1	gb|NG_049080.1|+|100-1234|ARO:3006875|EC-14	97.707	1134	26	0	4719391	4720524	1	1134	0.0	1951
NC_018658.1	gb|NG_049079.1|+|100-1234|ARO:3006874|EC-13	97.707	1134	26	0	4719391	4720524	1	1134	0.0	1951
NC_018658.1	gb|NG_049085.1|+|100-1234|ARO:3006880|EC-5	97.619	1134	27	0	4719391	4720524	1	1134	0.0	1945
NC_018658.1	gb|U00096.3|-|4377810-4378944|ARO:3004290|Ecol_ampC_BLA	97.619	1134	27	0	4719391	4720524	1	1134	0.0	1945
NC_018658.1	gb|NG_049084.1|+|100-1234|ARO:3006879|EC-19	97.443	1134	29	0	4719391	4720524	1	1134	0.0	1934
NC_018658.1	gb|D78168.1|+|536-1592|ARO:3000206|emrK	99.716	1056	3	0	1567019	1568074	1	1056	0.0	1934
NC_018658.1	gb|NG_049086.1|+|100-1234|ARO:3006881|EC-8	96.914	1134	35	0	4719391	4720524	1	1134	0.0	1901
NC_018658.1	gb|AP009048.1|-|4306556-4307588|ARO:3003548|mdtN	98.062	1032	20	0	4836260	4837291	1	1032	0.0	1796
NC_018658.1	gb|U00096.1|+|2367070-2368039|ARO:3003578|PmrF	99.484	969	5	0	1699923	1700891	969	1	0.0	1762
NC_018658.1	gb|LR730402.1|+|740042-740987|ARO:3003843|leuO	98.095	945	18	0	4364814	4365758	945	1	0.0	1646
NC_018658.1	gb|AF024602.1|+|3155-3992|ARO:3002660|APH(6)-Id	99.881	837	1	0	78194	79030	837	1	0.0	1541
NC_018658.1	gb|AY055428.1|-|20268-21084|ARO:3000412|sul2	99.632	816	3	0	79894	80709	816	1	0.0	1491
NC_018658.1	gb|AF313472.2|+|15593-16397|ARO:3002639|APH(3'')-Ib	99.751	804	2	0	79030	79833	804	1	0.0	1474
NC_018658.1	gb|U00096.3|-|3203309-3204131|ARO:3002986|bacA	98.902	820	9	0	750296	751115	1	820	0.0	1465
NC_018658.1	gb|AP009048.1|+|3974604-3975429|ARO:3000508|gadX	97.939	825	17	0	273041	273865	1	825	0.0	1430
NC_018658.1	gb|JF969163.1|+|1053-1893|ARO:3000410|sul1	100.000	761	0	0	84210	84970	761	1	0.0	1406
NC_018658.1	gb|U00096.1|-|3412802-3413465|ARO:3000656|AcrS	99.397	663	4	0	540090	540752	1	663	0.0	1203
NC_018658.1	gb|AP009048.1|-|4153663-4154296|ARO:3000518|CRP	99.526	633	3	0	481898	482530	633	1	0.0	1153
NC_018658.1	gb|U00096.3|-|721055-721733|ARO:3003841|kdpE	97.028	673	20	0	3705549	3706221	1	673	0.0	1133
NC_018658.1	gb|CP015085.1|-|2551711-2552440|ARO:3003838|gadW	94.239	729	42	0	274233	274961	1	729	0.0	1114
NC_018658.1	gb|BA000007.3|+|3212025-3212640|ARO:3000832|evgA	99.024	615	6	0	1565881	1566495	615	1	0.0	1103
NC_018658.1	gb|U00096.3|+|2810769-2811300|ARO:3000516|emrR	100.000	531	0	0	1260636	1261166	531	1	0.0	981
NC_018658.1	gb|FJ854362.1|+|2338-2812|ARO:3002862|dfrA7	100.000	474	0	0	85541	86014	474	1	0.0	876
NC_018658.1	gb|BA000007.3|-|1737690-1738104|ARO:3000676|H-NS	99.034	414	4	0	2960565	2960978	1	414	0.0	743
NC_018658.1	gb|AP009048.1|+|1621287-1621671|ARO:3000263|marA	99.219	384	3	0	2614556	2614939	384	1	0.0	693
NC_018658.1	gb|U49101.1|+|1490-1838|ARO:3005010|qacEdelta1	100.000	348	0	0	84964	85311	348	1	0.0	643
NC_018658.1	gb|DQ838665.1|+|0-474|ARO:3002860|dfrA17	91.139	474	42	0	85541	86014	474	1	0.0	643
NC_018658.1	gb|HQ730118.1|+|5174-5507|ARO:3005009|qacE	99.291	282	2	0	85030	85311	282	1	4.09e-141	510
NC_018658.1	gb|Z11877.1|+|485-818|ARO:3004039|Ecol_emrE	91.892	333	27	0	2088402	2088734	1	333	8.97e-128	466
NC_018658.1	gb|Z11877.1|+|485-818|ARO:3004039|Ecol_emrE	99.474	190	1	0	3614303	3614492	190	1	1.22e-91	346
NC_018658.1	gb|KR091911.1|-|74564-75350|ARO:3002578|AAC(6')-Ib7	99.535	215	1	0	86028	86242	215	1	1.54e-105	392
NC_018659.1	gb|AY044436.1|+|1435-2311|ARO:3001878|CTX-M-15	100.000	876	0	0	45168	46043	876	1	0.0	1618
NC_018659.1	gb|NG_073460.1|+|0-876|ARO:3005666|CTX-M-244	99.886	876	1	0	45168	46043	876	1	0.0	1613
NC_018659.1	gb|NG_070731.1|+|0-876|ARO:3005661|CTX-M-238	99.886	876	1	0	45168	46043	876	1	0.0	1613
NC_018659.1	gb|NG_070730.1|+|0-876|ARO:3005660|CTX-M-237	99.886	876	1	0	45168	46043	876	1	0.0	1613
NC_018659.1	gb|NG_067141.1|+|0-876|ARO:3005655|CTX-M-232	99.886	876	1	0	45168	46043	876	1	0.0	1613
NC_018659.1	gb|NG_067140.1|+|0-876|ARO:3005654|CTX-M-231	99.886	876	1	0	45168	46043	876	1	0.0	1613
NC_018659.1	gb|NG_065866.1|+|0-876|ARO:3005651|CTX-M-228	99.886	876	1	0	45168	46043	876	1	0.0	1613
NC_018659.1	gb|NG_064720.1|+|72-948|ARO:3005648|CTX-M-225	99.886	876	1	0	45168	46043	876	1	0.0	1613
NC_018659.1	gb|NG_062241.1|+|100-976|ARO:3005647|CTX-M-224	99.886	876	1	0	45168	46043	876	1	0.0	1613
NC_018659.1	gb|NG_057613.1|+|0-876|ARO:3005641|CTX-M-218	99.886	876	1	0	45168	46043	876	1	0.0	1613
NC_018659.1	gb|NG_057608.1|+|0-876|ARO:3005639|CTX-M-216	99.886	876	1	0	45168	46043	876	1	0.0	1613
NC_018659.1	gb|NG_057476.1|+|0-876|ARO:3005633|CTX-M-210	99.886	876	1	0	45168	46043	876	1	0.0	1613
NC_018659.1	gb|NG_057475.1|+|0-876|ARO:3005632|CTX-M-209	99.886	876	1	0	45168	46043	876	1	0.0	1613
NC_018659.1	gb|NG_057474.1|+|0-876|ARO:3005631|CTX-M-208	99.886	876	1	0	45168	46043	876	1	0.0	1613
NC_018659.1	gb|NG_055272.1|+|0-876|ARO:3005625|CTX-M-202	99.886	876	1	0	45168	46043	876	1	0.0	1613
NC_018659.1	gb|NG_054686.1|+|0-876|ARO:3005620|CTX-M-197	99.886	876	1	0	45168	46043	876	1	0.0	1613
NC_018659.1	gb|NG_052900.1|+|0-876|ARO:3005617|CTX-M-194	99.886	876	1	0	45168	46043	876	1	0.0	1613
NC_018659.1	gb|NG_052899.1|+|0-876|ARO:3005616|CTX-M-193	99.886	876	1	0	45168	46043	876	1	0.0	1613
NC_018659.1	gb|NG_051468.1|+|0-876|ARO:3005612|CTX-M-189	99.886	876	1	0	45168	46043	876	1	0.0	1613
NC_018659.1	gb|NG_051467.1|+|0-876|ARO:3005611|CTX-M-188	99.886	876	1	0	45168	46043	876	1	0.0	1613
NC_018659.1	gb|NG_051165.1|+|0-876|ARO:3005609|CTX-M-186	99.886	876	1	0	45168	46043	876	1	0.0	1613
NC_018659.1	gb|NG_050813.1|+|0-876|ARO:3005607|CTX-M-184	99.886	876	1	0	45168	46043	876	1	0.0	1613
NC_018659.1	gb|NG_050812.1|+|0-876|ARO:3005606|CTX-M-183	99.886	876	1	0	45168	46043	876	1	0.0	1613
NC_018659.1	gb|NG_048966.1|+|0-876|ARO:3005605|CTX-M-182	99.886	876	1	0	45168	46043	876	1	0.0	1613
NC_018659.1	gb|NG_048965.1|+|0-876|ARO:3005604|CTX-M-181	99.886	876	1	0	45168	46043	876	1	0.0	1613
NC_018659.1	gb|NG_048964.1|+|0-876|ARO:3005603|CTX-M-180	99.886	876	1	0	45168	46043	876	1	0.0	1613
NC_018659.1	gb|NG_056408.1|+|0-876|ARO:3005601|CTX-M-178	99.886	876	1	0	45168	46043	876	1	0.0	1613
NC_018659.1	gb|NG_048961.1|+|0-876|ARO:3005599|CTX-M-176	99.886	876	1	0	45168	46043	876	1	0.0	1613
NC_018659.1	gb|NG_048958.1|+|0-876|ARO:3005596|CTX-M-173	99.886	876	1	0	45168	46043	876	1	0.0	1613
NC_018659.1	gb|NG_048957.1|+|0-876|ARO:3005595|CTX-M-172	99.886	876	1	0	45168	46043	876	1	0.0	1613
NC_018659.1	gb|NG_048956.1|+|0-876|ARO:3005593|CTX-M-170	99.886	876	1	0	45168	46043	876	1	0.0	1613
NC_018659.1	gb|NG_067221.1|+|0-876|ARO:3002011|CTX-M-154	99.886	876	1	0	45168	46043	876	1	0.0	1613
NC_018659.1	gb|NG_067138.1|+|0-876|ARO:3002001|CTX-M-143	99.886	876	1	0	45168	46043	876	1	0.0	1613
NC_018659.1	gb|NG_055268.1|+|0-876|ARO:3001986|CTX-M-127	99.886	876	1	0	45168	46043	876	1	0.0	1613
NC_018659.1	gb|KP681698.1|+|0-876|ARO:3003647|CTX-M-163	99.886	876	1	0	45168	46043	876	1	0.0	1613
NC_018659.1	gb|FJ815436.1|+|195-1071|ARO:3001932|CTX-M-71	99.886	876	1	0	45168	46043	876	1	0.0	1613
NC_018659.1	gb|KM211509.1|+|0-876|ARO:3003164|CTX-M-156	99.886	876	1	0	45168	46043	876	1	0.0	1613
NC_018659.1	gb|HG423149.1|+|39-915|ARO:3001962|CTX-M-103	99.886	876	1	0	45168	46043	876	1	0.0	1613
NC_018659.1	gb|Y10278.1|+|0-876|ARO:3001866|CTX-M-3	99.886	876	1	0	45168	46043	876	1	0.0	1613
NC_018659.1	gb|KM211510.1|+|0-876|ARO:3003165|CTX-M-157	99.886	876	1	0	45168	46043	876	1	0.0	1613
NC_018659.1	gb|AY238472.1|-|12-888|ARO:3001895|CTX-M-33	99.886	876	1	0	45168	46043	876	1	0.0	1613
NC_018659.1	gb|KC107824.1|+|0-876|ARO:3001997|CTX-M-139	99.886	876	1	0	45168	46043	876	1	0.0	1613
NC_018659.1	gb|KF240809.1|+|0-876|ARO:3002000|CTX-M-142	99.886	876	1	0	45168	46043	876	1	0.0	1613
NC_018659.1	gb|DQ885477.1|+|0-876|ARO:3001917|CTX-M-55	99.886	876	1	0	45168	46043	876	1	0.0	1613
NC_018659.1	gb|JN227085.1|+|351-1227|ARO:3001977|CTX-M-117	99.886	876	1	0	45168	46043	876	1	0.0	1613
NC_018659.1	gb|DQ256091.1|+|98-974|ARO:3001943|CTX-M-82	99.886	876	1	0	45168	46043	876	1	0.0	1613
NC_018659.1	gb|HQ398214.1|+|249-1125|ARO:3001960|CTX-M-101	99.886	876	1	0	45168	46043	876	1	0.0	1613
NC_018659.1	gb|NZ_SQNR01000043.1|+|1505-2381|ARO:3001948|CTX-M-88	99.886	876	1	0	45168	46043	876	1	0.0	1613
NC_018659.1	gb|NG_068506.1|+|100-976|ARO:3005659|CTX-M-236	99.772	876	2	0	45168	46043	876	1	0.0	1607
NC_018659.1	gb|NG_067139.1|+|0-876|ARO:3005653|CTX-M-230	99.772	876	2	0	45168	46043	876	1	0.0	1607
NC_018659.1	gb|NG_064721.1|+|0-876|ARO:3005649|CTX-M-226	99.772	876	2	0	45168	46043	876	1	0.0	1607
NC_018659.1	gb|NG_060560.1|+|0-876|ARO:3005643|CTX-M-220	99.772	876	2	0	45168	46043	876	1	0.0	1607
NC_018659.1	gb|NG_056173.1|+|100-976|ARO:3005630|CTX-M-207	99.772	876	2	0	45168	46043	876	1	0.0	1607
NC_018659.1	gb|NG_055283.1|+|0-876|ARO:3005627|CTX-M-204	99.772	876	2	0	45168	46043	876	1	0.0	1607
NC_018659.1	gb|NG_055269.1|+|0-876|ARO:3005626|CTX-M-203	99.772	876	2	0	45168	46043	876	1	0.0	1607
NC_018659.1	gb|NG_051509.1|+|100-976|ARO:3005613|CTX-M-190	99.772	876	2	0	45168	46043	876	1	0.0	1607
NC_018659.1	gb|NG_048963.1|+|0-876|ARO:3005602|CTX-M-179	99.772	876	2	0	45168	46043	876	1	0.0	1607
NC_018659.1	gb|NG_048952.1|+|0-876|ARO:3005590|CTX-M-167	99.772	876	2	0	45168	46043	876	1	0.0	1607
NC_018659.1	gb|KP727571.1|+|0-876|ARO:3003648|CTX-M-164	99.772	876	2	0	45168	46043	876	1	0.0	1607
NC_018659.1	gb|KP681697.1|+|0-876|ARO:3003646|CTX-M-162	99.772	876	2	0	45168	46043	876	1	0.0	1607
NC_018659.1	gb|AY847148.1|+|8-884|ARO:3001933|CTX-M-72	99.772	876	2	0	45168	46043	876	1	0.0	1607
NC_018659.1	gb|KJ020573.1|+|274-1150|ARO:3002002|CTX-M-144	99.772	876	2	0	45168	46043	876	1	0.0	1607
NC_018659.1	gb|EF576988.1|+|239-1115|ARO:3001927|CTX-M-66	99.772	876	2	0	45168	46043	876	1	0.0	1607
NC_018659.1	gb|EF426798.1|+|0-876|ARO:3001940|CTX-M-79	99.772	876	2	0	45168	46043	876	1	0.0	1607
NC_018659.1	gb|AJ549244.1|+|0-876|ARO:3001890|CTX-M-28	99.772	876	2	0	45168	46043	876	1	0.0	1607
NC_018659.1	gb|GQ351346.1|+|0-876|ARO:3001974|CTX-M-114	99.772	876	2	0	45168	46043	876	1	0.0	1607
NC_018659.1	gb|AY080894.1|+|3-879|ARO:3001884|CTX-M-22	99.772	876	2	0	45168	46043	876	1	0.0	1607
NC_018659.1	gb|DQ303459.3|+|2174-3050|ARO:3001916|CTX-M-54	99.772	876	2	0	45168	46043	876	1	0.0	1607
NC_018659.1	gb|DQ061159.1|+|346-1222|ARO:3001904|CTX-M-42	99.772	876	2	0	45168	46043	876	1	0.0	1607
NC_018659.1	gb|NG_057477.1|+|0-885|ARO:3005634|CTX-M-211	99.885	871	1	0	45168	46038	885	15	0.0	1604
NC_018659.1	gb|NG_065865.1|+|0-876|ARO:3005650|CTX-M-227	99.658	876	3	0	45168	46043	876	1	0.0	1602
NC_018659.1	gb|DQ223685.1|+|0-876|ARO:3001914|CTX-M-52	99.658	876	3	0	45168	46043	876	1	0.0	1602
NC_018659.1	gb|EU202673.2|+|0-876|ARO:3001941|CTX-M-80	99.658	876	3	0	45168	46043	876	1	0.0	1602
NC_018659.1	gb|EU402393.1|+|0-876|ARO:3001930|CTX-M-69	99.658	876	3	0	45168	46043	876	1	0.0	1602
NC_018659.1	gb|NG_048936.1|+|0-876|ARO:3002007|CTX-M-150	99.543	876	4	0	45168	46043	876	1	0.0	1596
NC_018659.1	gb|KC351754.1|+|157-1033|ARO:3001995|CTX-M-136	99.543	876	4	0	45168	46043	876	1	0.0	1596
NC_018659.1	gb|KM211508.1|+|0-876|ARO:3003163|CTX-M-155	99.543	876	4	0	45168	46043	876	1	0.0	1596
NC_018659.1	gb|NG_056409.1|+|0-876|ARO:3005610|CTX-M-187	99.429	876	5	0	45168	46043	876	1	0.0	1591
NC_018659.1	gb|NG_048962.1|+|0-876|ARO:3005600|CTX-M-177	99.429	876	5	0	45168	46043	876	1	0.0	1591
NC_018659.1	gb|AL513383.1|+|161910-162771|ARO:3000873|TEM-1	99.884	861	1	0	48865	49725	1	861	0.0	1585
NC_018659.1	gb|AAAGNS010000063.1|-|144-1005|ARO:3000966|TEM-103	99.884	861	1	0	48865	49725	1	861	0.0	1585
NC_018659.1	gb|OM617737.1|+|0-861|ARO:3007454|TEM-245	99.884	861	1	0	48865	49725	1	861	0.0	1585
NC_018659.1	gb|NG_057478.1|+|0-876|ARO:3005635|CTX-M-212	99.315	876	6	0	45168	46043	876	1	0.0	1585
NC_018659.1	gb|NG_057609.1|+|0-861|ARO:3005265|TEM-234	99.884	861	1	0	48865	49725	1	861	0.0	1585
NC_018659.1	gb|NG_068213.1|+|100-961|ARO:3000901|TEM-31	99.884	861	1	0	48865	49725	1	861	0.0	1585
NC_018659.1	gb|NG_068038.1|+|0-861|ARO:3005259|TEM-228	99.884	861	1	0	48865	49725	1	861	0.0	1585
NC_018659.1	gb|KP050492.1|+|0-861|ARO:3001392|TEM-215	99.884	861	1	0	48865	49725	1	861	0.0	1585
NC_018659.1	gb|AF516720.1|+|214-1075|ARO:3000968|TEM-105	99.884	861	1	0	48865	49725	1	861	0.0	1585
NC_018659.1	gb|AF190694.1|+|208-1069|ARO:3000942|TEM-76	99.884	861	1	0	48865	49725	1	861	0.0	1585
NC_018659.1	gb|KC865667.1|+|183-1044|ARO:3001385|TEM-208	99.884	861	1	0	48865	49725	1	861	0.0	1585
NC_018659.1	gb|AF188199.1|+|214-1075|ARO:3000936|TEM-70	99.884	861	1	0	48865	49725	1	861	0.0	1585
NC_018659.1	gb|JF966749.1|+|157-1033|ARO:3001976|CTX-M-116	99.315	876	6	0	45168	46043	876	1	0.0	1585
NC_018659.1	gb|AY368236.1|+|0-861|ARO:3000989|TEM-127	99.884	861	1	0	48865	49725	1	861	0.0	1585
NC_018659.1	gb|AJ634602.1|-|7839-8700|ARO:3000999|TEM-135	99.884	861	1	0	48865	49725	1	861	0.0	1585
NC_018659.1	gb|DQ075245.1|+|217-1078|ARO:3001006|TEM-143	99.884	861	1	0	48865	49725	1	861	0.0	1585
NC_018659.1	gb|JN227084.1|+|308-1169|ARO:3001046|TEM-186	99.884	861	1	0	48865	49725	1	861	0.0	1585
NC_018659.1	gb|HG934763.1|+|0-861|ARO:3001394|TEM-217	99.884	861	1	0	48865	49725	1	861	0.0	1585
NC_018659.1	gb|AJ437107.1|+|208-1069|ARO:3000900|TEM-30	99.884	861	1	0	48865	49725	1	861	0.0	1585
NC_018659.1	gb|AJ308558.1|+|181-1042|ARO:3000962|TEM-95	99.884	861	1	0	48865	49725	1	861	0.0	1585
NC_018659.1	gb|AY368237.1|+|0-861|ARO:3000990|TEM-128	99.884	861	1	0	48865	49725	1	861	0.0	1585
NC_018659.1	gb|GU371926.1|-|50304-51165|ARO:3000903|TEM-33	99.884	861	1	0	48865	49725	1	861	0.0	1585
NC_018659.1	gb|KP050491.1|+|0-861|ARO:3001391|TEM-214	99.884	861	1	0	48865	49725	1	861	0.0	1585
NC_018659.1	gb|FJ197316.1|+|0-861|ARO:3001032|TEM-166	99.884	861	1	0	48865	49725	1	861	0.0	1585
NC_018659.1	gb|AM087454.1|+|208-1069|ARO:3001015|TEM-148	99.884	861	1	0	48865	49725	1	861	0.0	1585
NC_018659.1	gb|GU550123.1|+|144-1005|ARO:3001041|TEM-176	99.884	861	1	0	48865	49725	1	861	0.0	1585
NC_018659.1	gb|KC818234.1|+|0-861|ARO:3001384|TEM-207	99.884	861	1	0	48865	49725	1	861	0.0	1585
NC_018659.1	gb|KC783461.1|+|0-861|ARO:3001383|TEM-206	99.884	861	1	0	48865	49725	1	861	0.0	1585
NC_018659.1	gb|AB700703.1|+|161-1022|ARO:3001057|TEM-198	99.884	861	1	0	48865	49725	1	861	0.0	1585
NC_018659.1	gb|KC292503.1|+|4334-5195|ARO:3000904|TEM-34	99.884	861	1	0	48865	49725	1	861	0.0	1585
NC_018659.1	gb|OM617738.1|+|0-861|ARO:3007448|TEM-246	99.768	861	2	0	48865	49725	1	861	0.0	1580
NC_018659.1	gb|NG_050243.1|+|100-961|ARO:3001387|TEM-210	99.768	861	2	0	48865	49725	1	861	0.0	1580
NC_018659.1	gb|NG_068214.1|+|100-961|ARO:3000907|TEM-37	99.768	861	2	0	48865	49725	1	861	0.0	1580
NC_018659.1	gb|NG_052650.1|+|0-861|ARO:3000906|TEM-36	99.768	861	2	0	48865	49725	1	861	0.0	1580
NC_018659.1	gb|NG_050264.1|+|13-874|ARO:3000905|TEM-35	99.768	861	2	0	48865	49725	1	861	0.0	1580
NC_018659.1	gb|NG_056417.1|+|0-861|ARO:3005261|TEM-230	99.768	861	2	0	48865	49725	1	861	0.0	1580
NC_018659.1	gb|NG_057472.1|+|0-861|ARO:3005263|TEM-232	99.768	861	2	0	48865	49725	1	861	0.0	1580
NC_018659.1	gb|KM998962.1|+|0-861|ARO:3003158|TEM-220	99.768	861	2	0	48865	49725	1	861	0.0	1580
NC_018659.1	gb|JQ034306.1|+|0-861|ARO:3001376|TEM-196	99.768	861	2	0	48865	49725	1	861	0.0	1580
NC_018659.1	gb|FJ405211.1|+|0-861|ARO:3000926|TEM-57	99.768	861	2	0	48865	49725	1	861	0.0	1580
NC_018659.1	gb|AY267213.1|+|0-876|ARO:3001891|CTX-M-29	99.201	876	7	0	45168	46043	876	1	0.0	1580
NC_018659.1	gb|EU274580.1|+|214-1075|ARO:3001030|TEM-164	99.768	861	2	0	48865	49725	1	861	0.0	1580
NC_018659.1	gb|KF944358.1|+|0-861|ARO:3001393|TEM-216	99.768	861	2	0	48865	49725	1	861	0.0	1580
NC_018659.1	gb|AM849805.1|+|262-1123|ARO:3000886|TEM-15	99.768	861	2	0	48865	49725	1	861	0.0	1580
NC_018659.1	gb|JF274248.1|-|0-864|ARO:3001969|CTX-M-109	99.768	861	2	0	45180	46040	861	1	0.0	1580
NC_018659.1	gb|AY956335.1|+|38-899|ARO:3001004|TEM-141	99.768	861	2	0	48865	49725	1	861	0.0	1580
NC_018659.1	gb|AF516719.1|+|214-1075|ARO:3000967|TEM-104	99.768	861	2	0	48865	49725	1	861	0.0	1580
NC_018659.1	gb|AM049399.1|+|0-861|ARO:3001007|TEM-144	99.768	861	2	0	48865	49725	1	861	0.0	1580
NC_018659.1	gb|AF190692.1|+|208-1069|ARO:3000946|TEM-79	99.768	861	2	0	48865	49725	1	861	0.0	1580
NC_018659.1	gb|U37195.1|+|75-936|ARO:3000898|TEM-28	99.768	861	2	0	48865	49725	1	861	0.0	1580
NC_018659.1	gb|KF240808.1|+|0-861|ARO:3001386|TEM-209	99.768	861	2	0	48865	49725	1	861	0.0	1580
NC_018659.1	gb|JF274245.1|+|1-862|ARO:3001968|CTX-M-108	99.768	861	2	0	45180	46040	861	1	0.0	1580
NC_018659.1	gb|DQ286729.1|+|0-861|ARO:3000924|TEM-55	99.768	861	2	0	48865	49725	1	861	0.0	1580
NC_018659.1	gb|AF093512.1|+|197-1058|ARO:3000882|TEM-10	99.768	861	2	0	48865	49725	1	861	0.0	1580
NC_018659.1	gb|JX310327.1|+|0-861|ARO:3001378|TEM-201	99.768	861	2	0	48865	49725	1	861	0.0	1580
NC_018659.1	gb|AY101578.1|+|214-1075|ARO:3000969|TEM-106	99.768	861	2	0	48865	49725	1	861	0.0	1580
NC_018659.1	gb|AY307100.1|+|0-861|ARO:3000984|TEM-122	99.768	861	2	0	48865	49725	1	861	0.0	1580
NC_018659.1	gb|JF274244.1|-|2-863|ARO:3001967|CTX-M-107	99.768	861	2	0	45180	46040	861	1	0.0	1580
NC_018659.1	gb|AY628199.1|+|203-1064|ARO:3000988|TEM-126	99.768	861	2	0	48865	49725	1	861	0.0	1580
NC_018659.1	gb|NG_065939.1|+|0-861|ARO:3005272|TEM-242	99.652	861	3	0	48865	49725	1	861	0.0	1574
NC_018659.1	gb|NG_059898.1|+|100-961|ARO:3005266|TEM-235	99.652	861	3	0	48865	49725	1	861	0.0	1574
NC_018659.1	gb|NG_054684.1|+|0-861|ARO:3005257|TEM-226	99.652	861	3	0	48865	49725	1	861	0.0	1574
NC_018659.1	gb|NG_050261.1|+|100-961|ARO:3000902|TEM-32	99.652	861	3	0	48865	49725	1	861	0.0	1574
NC_018659.1	gb|NG_068215.1|+|100-961|ARO:3000877|TEM-5	99.652	861	3	0	48865	49725	1	861	0.0	1574
NC_018659.1	gb|DQ279850.1|+|0-861|ARO:3001014|TEM-147	99.652	861	3	0	48865	49725	1	861	0.0	1574
NC_018659.1	gb|FR717535.1|+|0-861|ARO:3000910|TEM-40	99.652	861	3	0	48865	49725	1	861	0.0	1574
NC_018659.1	gb|AJ704396.1|+|0-876|ARO:3001956|CTX-M-96	99.087	876	8	0	45168	46043	876	1	0.0	1574
NC_018659.1	gb|KM114268.1|+|0-861|ARO:3003157|TEM-219	99.652	861	3	0	48865	49725	1	861	0.0	1574
NC_018659.1	gb|Y17584.1|+|0-858|ARO:3000899|TEM-29	99.767	858	2	0	48865	49722	1	858	0.0	1574
NC_018659.1	gb|EU815939.1|+|0-861|ARO:3001029|TEM-163	99.652	861	3	0	48865	49725	1	861	0.0	1574
NC_018659.1	gb|HQ317449.1|+|0-861|ARO:3001373|TEM-182	99.652	861	3	0	48865	49725	1	861	0.0	1574
NC_018659.1	gb|EF534736.1|+|213-1074|ARO:3001024|TEM-158	99.652	861	3	0	48865	49725	1	861	0.0	1574
NC_018659.1	gb|AY491682.1|+|0-861|ARO:3000996|TEM-132	99.652	861	3	0	48865	49725	1	861	0.0	1574
NC_018659.1	gb|MZ026156.1|+|0-861|ARO:3007453|TEM-244	99.535	861	4	0	48865	49725	1	861	0.0	1568
NC_018659.1	gb|NG_056171.1|+|0-876|ARO:3005629|CTX-M-206	98.973	876	9	0	45168	46043	876	1	0.0	1568
NC_018659.1	gb|NG_066544.1|+|0-861|ARO:3005270|TEM-240	99.535	861	4	0	48865	49725	1	861	0.0	1568
NC_018659.1	gb|NG_067163.1|+|0-861|ARO:3005269|TEM-238	99.535	861	4	0	48865	49725	1	861	0.0	1568
NC_018659.1	gb|NG_062250.1|+|100-961|ARO:3005268|TEM-237	99.535	861	4	0	48865	49725	1	861	0.0	1568
NC_018659.1	gb|AM743197.2|-|2076-2937|ARO:3001044|TEM-181	99.535	861	4	0	48865	49725	1	861	0.0	1568
NC_018659.1	gb|NG_056418.1|+|0-861|ARO:3005262|TEM-231	99.535	861	4	0	48865	49725	1	861	0.0	1568
NC_018659.1	gb|AM183304.1|+|208-1069|ARO:3001017|TEM-150	99.535	861	4	0	48865	49725	1	861	0.0	1568
NC_018659.1	gb|AF305837.1|+|0-876|ARO:3001875|CTX-M-12	98.973	876	9	0	45168	46043	876	1	0.0	1568
NC_018659.1	gb|FJ919776.1|+|208-1069|ARO:3001034|TEM-168	99.535	861	4	0	48865	49725	1	861	0.0	1568
NC_018659.1	gb|AF104442.1|+|193-1054|ARO:3000923|TEM-54	99.535	861	4	0	48865	49725	1	861	0.0	1568
NC_018659.1	gb|AM941159.1|+|208-1069|ARO:3001022|TEM-156	99.535	861	4	0	48865	49725	1	861	0.0	1568
NC_018659.1	gb|AF351241.1|+|89-950|ARO:3000957|TEM-90	99.535	861	4	0	48865	49725	1	861	0.0	1568
NC_018659.1	gb|FJ873740.1|+|0-858|ARO:3001035|TEM-169	99.650	858	3	0	48865	49722	1	858	0.0	1568
NC_018659.1	gb|AY092401.1|+|0-861|ARO:3000963|TEM-96	99.535	861	4	0	48865	49725	1	861	0.0	1568
NC_018659.1	gb|AY027590.1|+|112-973|ARO:3000955|TEM-88	99.535	861	4	0	48865	49725	1	861	0.0	1568
NC_018659.1	gb|GQ149347.1|+|5269-6130|ARO:3001037|TEM-171	99.535	861	4	0	48865	49725	1	861	0.0	1568
NC_018659.1	gb|AJ012256.1|+|208-1069|ARO:3000939|TEM-73	99.535	861	4	0	48865	49725	1	861	0.0	1568
NC_018659.1	gb|AY101764.1|+|206-1067|ARO:3000970|TEM-107	99.535	861	4	0	48865	49725	1	861	0.0	1568
NC_018659.1	gb|HQ529916.1|+|110-971|ARO:3001045|TEM-183	99.535	861	4	0	48865	49725	1	861	0.0	1568
NC_018659.1	gb|U95363.2|+|0-861|ARO:3000912|TEM-43	99.535	861	4	0	48865	49725	1	861	0.0	1568
NC_018659.1	gb|AY628175.1|+|210-1071|ARO:3000972|TEM-109	99.535	861	4	0	48865	49725	1	861	0.0	1568
NC_018659.1	gb|NG_048954.1|+|100-976|ARO:3005592|CTX-M-169	98.858	876	10	0	45168	46043	876	1	0.0	1563
NC_018659.1	gb|NG_071226.1|+|0-861|ARO:3005273|TEM-243	99.419	861	5	0	48865	49725	1	861	0.0	1563
NC_018659.1	gb|NG_061611.1|+|0-861|ARO:3005267|TEM-236	99.419	861	5	0	48865	49725	1	861	0.0	1563
NC_018659.1	gb|EF219134.3|+|2125-3001|ARO:3001923|CTX-M-62	98.858	876	10	0	45168	46043	876	1	0.0	1563
NC_018659.1	gb|JN254627.1|+|0-861|ARO:3001049|TEM-189	99.419	861	5	0	48865	49725	1	861	0.0	1563
NC_018659.1	gb|FJ807656.1|+|0-861|ARO:3001020|TEM-154	99.419	861	5	0	48865	49725	1	861	0.0	1563
NC_018659.1	gb|AF427128.1|+|208-1069|ARO:3000949|TEM-82	99.419	861	5	0	48865	49725	1	861	0.0	1563
NC_018659.1	gb|AF488377.1|+|62-938|ARO:3001885|CTX-M-23	98.858	876	10	0	45168	46043	876	1	0.0	1563
NC_018659.1	gb|AJ557142.1|+|0-876|ARO:3001894|CTX-M-32	98.858	876	10	0	45168	46043	876	1	0.0	1563
NC_018659.1	gb|AF427127.1|+|208-1069|ARO:3000948|TEM-81	99.419	861	5	0	48865	49725	1	861	0.0	1563
NC_018659.1	gb|AM411407.1|+|0-876|ARO:3001921|CTX-M-60	98.858	876	10	0	45168	46043	876	1	0.0	1563
NC_018659.1	gb|DQ105529.2|+|0-861|ARO:3001013|TEM-146	99.419	861	5	0	48865	49725	1	861	0.0	1563
NC_018659.1	gb|AY826417.1|+|0-861|ARO:3001000|TEM-136	99.419	861	5	0	48865	49725	1	861	0.0	1563
NC_018659.1	gb|KC149518.1|+|0-861|ARO:3001369|TEM-153	99.419	861	5	0	48865	49725	1	861	0.0	1563
NC_018659.1	gb|EF219142.1|+|10-886|ARO:3001922|CTX-M-61	98.858	876	10	0	45168	46043	876	1	0.0	1563
NC_018659.1	gb|NG_050256.1|+|100-961|ARO:3000896|TEM-26	99.419	861	5	0	48865	49725	1	861	0.0	1563
NC_018659.1	gb|X57972.1|+|339-1200|ARO:3000878|TEM-6	99.419	861	5	0	48865	49725	1	861	0.0	1563
NC_018659.1	gb|DQ105528.2|+|0-861|ARO:3001012|TEM-145	99.419	861	5	0	48865	49725	1	861	0.0	1563
NC_018659.1	gb|AY589493.1|+|166-1027|ARO:3000975|TEM-112	99.419	861	5	0	48865	49725	1	861	0.0	1563
NC_018659.1	gb|AB177384.1|+|0-876|ARO:3001898|CTX-M-36	98.858	876	10	0	45168	46043	876	1	0.0	1563
NC_018659.1	gb|AB049569.1|+|0-861|ARO:3000958|TEM-91	99.419	861	5	0	48865	49725	1	861	0.0	1563
NC_018659.1	gb|U36911.1|+|1429-2290|ARO:3000979|TEM-116	99.419	861	5	0	48865	49725	1	861	0.0	1563
NC_018659.1	gb|NG_050308.1|+|0-861|ARO:3006140|TEM-99	99.648	853	3	0	48873	49725	9	861	0.0	1559
NC_018659.1	gb|ON651488.1|+|0-861|ARO:3007451|TEM-247	99.303	861	6	0	48865	49725	1	861	0.0	1557
NC_018659.1	gb|NG_052651.1|+|0-861|ARO:3005256|TEM-225	99.303	861	6	0	48865	49725	1	861	0.0	1557
NC_018659.1	gb|NG_050245.1|+|0-861|ARO:3001389|TEM-212	99.303	861	6	0	48865	49725	1	861	0.0	1557
NC_018659.1	gb|NG_056416.1|+|0-861|ARO:3005260|TEM-229	99.303	861	6	0	48865	49725	1	861	0.0	1557
NC_018659.1	gb|M88143.1|+|367-1228|ARO:3000884|TEM-12	99.303	861	6	0	48865	49725	1	861	0.0	1557
NC_018659.1	gb|JX042489.1|+|141-1002|ARO:3000890|TEM-19	99.303	861	6	0	48865	49725	1	861	0.0	1557
NC_018659.1	gb|AF535127.1|+|208-1069|ARO:3000978|TEM-115	99.303	861	6	0	48865	49725	1	861	0.0	1557
NC_018659.1	gb|AF347054.1|+|208-1069|ARO:3000947|TEM-80	99.303	861	6	0	48865	49725	1	861	0.0	1557
NC_018659.1	gb|HQ877606.1|+|0-861|ARO:3001056|TEM-197	99.303	861	6	0	48865	49725	1	861	0.0	1557
NC_018659.1	gb|AJ318093.1|+|0-861|ARO:3000960|TEM-93	99.303	861	6	0	48865	49725	1	861	0.0	1557
NC_018659.1	gb|JF795538.1|+|0-861|ARO:3001374|TEM-185	99.303	861	6	0	48865	49725	1	861	0.0	1557
NC_018659.1	gb|AY243512.1|+|208-1069|ARO:3000982|TEM-120	99.303	861	6	0	48865	49725	1	861	0.0	1557
NC_018659.1	gb|Y13612.1|+|0-861|ARO:3000921|TEM-52	99.303	861	6	0	48865	49725	1	861	0.0	1557
NC_018659.1	gb|AF427130.1|+|208-1069|ARO:3000951|TEM-84	99.303	861	6	0	48865	49725	1	861	0.0	1557
NC_018659.1	gb|KY432484.1|+|0-861|ARO:3001051|TEM-191	99.303	861	6	0	48865	49725	1	861	0.0	1557
NC_018659.1	gb|X54606.1|+|214-1075|ARO:3000874|TEM-2	99.303	861	6	0	48865	49725	1	861	0.0	1557
NC_018659.1	gb|X92506.1|+|0-876|ARO:3001864|CTX-M-1	98.744	876	11	0	45168	46043	876	1	0.0	1557
NC_018659.1	gb|DQ679961.1|+|114-975|ARO:3001021|TEM-155	99.303	861	6	0	48865	49725	1	861	0.0	1557
NC_018659.1	gb|Y10279.1|+|0-861|ARO:3000916|TEM-47	99.303	861	6	0	48865	49725	1	861	0.0	1557
NC_018659.1	gb|NG_050307.1|+|0-861|ARO:3006139|TEM-98	99.531	853	4	0	48873	49725	9	861	0.0	1554
NC_018659.1	gb|NG_061609.1|+|0-876|ARO:3005645|CTX-M-222	98.630	876	12	0	45168	46043	876	1	0.0	1552
NC_018659.1	gb|NG_048960.1|+|0-876|ARO:3005598|CTX-M-175	98.630	876	12	0	45168	46043	876	1	0.0	1552
NC_018659.1	gb|NG_056169.1|+|100-976|ARO:3002004|CTX-M-146	98.630	876	12	0	45168	46043	876	1	0.0	1552
NC_018659.1	gb|LN830266.1|+|0-876|ARO:3003650|CTX-M-166	98.630	876	12	0	45168	46043	876	1	0.0	1552
NC_018659.1	gb|NG_057581.1|+|0-861|ARO:3005264|TEM-233	99.187	861	7	0	48865	49725	1	861	0.0	1552
NC_018659.1	gb|AF104441.1|+|193-1054|ARO:3000922|TEM-53	99.187	861	7	0	48865	49725	1	861	0.0	1552
NC_018659.1	gb|EF136377.1|+|0-861|ARO:3001026|TEM-160	99.187	861	7	0	48865	49725	1	861	0.0	1552
NC_018659.1	gb|DQ909059.1|+|0-861|ARO:3001023|TEM-157	99.187	861	7	0	48865	49725	1	861	0.0	1552
NC_018659.1	gb|X95401.1|+|208-1069|ARO:3000914|TEM-45	99.187	861	7	0	48865	49725	1	861	0.0	1552
NC_018659.1	gb|AJ746225.1|+|0-861|ARO:3000993|TEM-129	99.187	861	7	0	48865	49725	1	861	0.0	1552
NC_018659.1	gb|AJ239002.1|+|0-861|ARO:3000935|TEM-68	99.187	861	7	0	48865	49725	1	861	0.0	1552
NC_018659.1	gb|KM211691.1|+|0-876|ARO:3003166|CTX-M-158	98.630	876	12	0	45168	46043	876	1	0.0	1552
NC_018659.1	gb|KF663615.1|+|0-858|ARO:3001390|TEM-213	99.301	858	6	0	48865	49722	1	858	0.0	1552
NC_018659.1	gb|EF136376.1|+|0-861|ARO:3001025|TEM-159	99.187	861	7	0	48865	49725	1	861	0.0	1552
NC_018659.1	gb|AY072920.1|+|0-861|ARO:3000973|TEM-110	99.187	861	7	0	48865	49725	1	861	0.0	1552
NC_018659.1	gb|AY528425.1|+|0-861|ARO:3000997|TEM-133	99.187	861	7	0	48865	49725	1	861	0.0	1552
NC_018659.1	gb|AY292654.1|+|0-876|ARO:3001892|CTX-M-30	98.630	876	12	0	45168	46043	876	1	0.0	1552
NC_018659.1	gb|AF203816.1|+|210-1071|ARO:3000937|TEM-71	99.187	861	7	0	48865	49725	1	861	0.0	1552
NC_018659.1	gb|AY874537.1|+|177-1038|ARO:3000883|TEM-11	99.187	861	7	0	48865	49725	1	861	0.0	1552
NC_018659.1	gb|EF210159.1|+|0-876|ARO:3001919|CTX-M-58	98.630	876	12	0	45168	46043	876	1	0.0	1552
NC_018659.1	gb|AF506748.1|+|38-899|ARO:3000971|TEM-108	99.414	853	5	0	48873	49725	9	861	0.0	1548
NC_018659.1	gb|LC542923.1|-|2479-3340|ARO:3000930|TEM-61	99.071	861	8	0	48865	49725	1	861	0.0	1546
NC_018659.1	gb|NG_051737.1|+|0-876|ARO:3001996|CTX-M-138	98.516	876	13	0	45168	46043	876	1	0.0	1546
NC_018659.1	gb|NG_065938.1|+|0-861|ARO:3005271|TEM-241	99.071	861	8	0	48865	49725	1	861	0.0	1546
NC_018659.1	gb|NG_065940.1|+|0-861|ARO:3000909|TEM-39	99.071	861	8	0	48865	49725	1	861	0.0	1546
NC_018659.1	gb|X65253.1|+|175-1036|ARO:3000894|TEM-24	99.071	861	8	0	48865	49725	1	861	0.0	1546
NC_018659.1	gb|AF468003.1|+|0-861|ARO:3000974|TEM-111	99.071	861	8	0	48865	49725	1	861	0.0	1546
NC_018659.1	gb|JN416112.1|+|0-861|ARO:3001050|TEM-190	99.071	861	8	0	48865	49725	1	861	0.0	1546
NC_018659.1	gb|X64523.1|-|476-1337|ARO:3000875|TEM-3	99.071	861	8	0	48865	49725	1	861	0.0	1546
NC_018659.1	gb|DQ072853.1|+|0-861|ARO:3001003|TEM-139	99.071	861	8	0	48865	49725	1	861	0.0	1546
NC_018659.1	gb|Y17581.1|+|78-936|ARO:3000891|TEM-20	99.184	858	7	0	48865	49722	1	858	0.0	1546
NC_018659.1	gb|AM286274.1|+|0-861|ARO:3001001|TEM-137	99.071	861	8	0	48865	49725	1	861	0.0	1546
NC_018659.1	gb|AF427129.1|+|208-1069|ARO:3000950|TEM-83	99.071	861	8	0	48865	49725	1	861	0.0	1546
NC_018659.1	gb|JN211012.1|+|213-1074|ARO:3001048|TEM-188	99.071	861	8	0	48865	49725	1	861	0.0	1546
NC_018659.1	gb|Y14574.2|+|0-861|ARO:3000888|TEM-17	99.071	861	8	0	48865	49725	1	861	0.0	1546
NC_018659.1	gb|AF091113.2|+|450-1311|ARO:3000934|TEM-67	99.071	861	8	0	48865	49725	1	861	0.0	1546
NC_018659.1	gb|AY853593.1|+|214-1075|ARO:3001002|TEM-138	99.071	861	8	0	48865	49725	1	861	0.0	1546
NC_018659.1	gb|AF190693.1|+|208-1069|ARO:3000944|TEM-78	99.071	861	8	0	48865	49725	1	861	0.0	1546
NC_018659.1	gb|X65254.1|+|175-1036|ARO:3000887|TEM-16	99.071	861	8	0	48865	49725	1	861	0.0	1546
NC_018659.1	gb|AY327540.1|+|0-858|ARO:3000986|TEM-124	99.071	861	5	1	48865	49725	1	858	0.0	1543
NC_018659.1	gb|NG_056168.1|+|0-861|ARO:3000881|TEM-9	98.955	861	9	0	48865	49725	1	861	0.0	1541
NC_018659.1	gb|LK391770.1|+|19707-20568|ARO:3000876|TEM-4	98.955	861	9	0	48865	49725	1	861	0.0	1541
NC_018659.1	gb|X65252.1|+|175-1036|ARO:3000880|TEM-8	98.955	861	9	0	48865	49725	1	861	0.0	1541
NC_018659.1	gb|Y10280.1|+|0-861|ARO:3000917|TEM-48	98.955	861	9	0	48865	49725	1	861	0.0	1541
NC_018659.1	gb|FR848831.1|+|0-861|ARO:3001375|TEM-184	98.955	861	9	0	48865	49725	1	861	0.0	1541
NC_018659.1	gb|AJ866988.1|+|0-861|ARO:3000994|TEM-130	98.955	861	9	0	48865	49725	1	861	0.0	1541
NC_018659.1	gb|AJ277414.1|+|0-861|ARO:3000952|TEM-85	98.955	861	9	0	48865	49725	1	861	0.0	1541
NC_018659.1	gb|DQ369751.1|+|0-861|ARO:3001016|TEM-149	98.955	861	9	0	48865	49725	1	861	0.0	1541
NC_018659.1	gb|AY589495.1|+|181-1042|ARO:3000977|TEM-114	98.955	861	9	0	48865	49725	1	861	0.0	1541
NC_018659.1	gb|AY574271.1|+|0-861|ARO:3000998|TEM-134	98.955	861	9	0	48865	49725	1	861	0.0	1541
NC_018659.1	gb|DQ834728.1|+|205-1066|ARO:3001019|TEM-152	98.955	861	9	0	48865	49725	1	861	0.0	1541
NC_018659.1	gb|AF332513.1|+|103-964|ARO:3000931|TEM-63	98.955	861	9	0	48865	49725	1	861	0.0	1541
NC_018659.1	gb|DQ388882.1|+|0-861|ARO:3001005|TEM-142	98.955	861	9	0	48865	49725	1	861	0.0	1541
NC_018659.1	gb|DQ834729.1|+|205-1066|ARO:3001018|TEM-151	98.955	861	9	0	48865	49725	1	861	0.0	1541
NC_018659.1	gb|AF143804.1|+|0-861|ARO:3000959|TEM-92	98.955	861	9	0	48865	49725	1	861	0.0	1541
NC_018659.1	gb|AF157553.1|+|147-1008|ARO:3000938|TEM-72	98.955	861	9	0	48865	49725	1	861	0.0	1541
NC_018659.1	gb|AY436361.1|+|131-992|ARO:3000995|TEM-131	98.839	861	10	0	48865	49725	1	861	0.0	1537
NC_018659.1	gb|NG_050254.1|+|0-861|ARO:3005255|TEM-224	98.839	861	10	0	48865	49725	1	861	0.0	1535
NC_018659.1	gb|NG_054696.1|+|0-861|ARO:3005258|TEM-227	98.839	861	10	0	48865	49725	1	861	0.0	1535
NC_018659.1	gb|FJ360884.1|+|213-1074|ARO:3001033|TEM-167	98.839	861	10	0	48865	49725	1	861	0.0	1535
NC_018659.1	gb|AJ277415.1|+|0-861|ARO:3000953|TEM-86	98.839	861	10	0	48865	49725	1	861	0.0	1535
NC_018659.1	gb|AJ318094.1|+|0-861|ARO:3000961|TEM-94	98.839	861	10	0	48865	49725	1	861	0.0	1535
NC_018659.1	gb|AF495873.1|+|0-861|ARO:3000964|TEM-101	98.839	861	10	0	48865	49725	1	861	0.0	1535
NC_018659.1	gb|Y10281.1|+|0-861|ARO:3000918|TEM-49	98.839	861	10	0	48865	49725	1	861	0.0	1535
NC_018659.1	gb|AY589494.1|+|193-1054|ARO:3000976|TEM-113	98.839	861	10	0	48865	49725	1	861	0.0	1535
NC_018659.1	gb|Y17582.1|+|0-858|ARO:3000892|TEM-21	98.951	858	9	0	48865	49722	1	858	0.0	1535
NC_018659.1	gb|Y17583.1|+|213-1071|ARO:3000893|TEM-22	98.951	858	9	0	48865	49722	1	858	0.0	1535
NC_018659.1	gb|AY005110.1|+|0-846|ARO:3001874|CTX-M-11	99.409	846	5	0	45198	46043	846	1	0.0	1535
NC_018659.1	gb|AY271267.1|+|0-861|ARO:3000983|TEM-121	98.839	861	10	0	48865	49725	1	861	0.0	1535
NC_018659.1	gb|AF250872.1|+|0-861|ARO:3000954|TEM-87	98.839	861	10	0	48865	49725	1	861	0.0	1535
NC_018659.1	gb|AY040093.1|+|68-929|ARO:3000965|TEM-102	98.839	861	10	0	48865	49725	1	861	0.0	1535
NC_018659.1	gb|HM246246.1|+|211-1069|ARO:3001047|TEM-187	98.950	857	9	0	48865	49721	1	857	0.0	1533
NC_018659.1	gb|KF513179.1|+|0-861|ARO:3001388|TEM-211	98.722	861	11	0	48865	49725	1	861	0.0	1530
NC_018659.1	gb|FN652295.1|+|0-861|ARO:3001042|TEM-177	98.722	861	11	0	48865	49725	1	861	0.0	1530
NC_018659.1	gb|KC900516.1|+|0-858|ARO:3001382|TEM-205	98.834	858	10	0	48865	49722	1	858	0.0	1530
NC_018659.1	gb|EF468463.1|+|66-927|ARO:3001028|TEM-162	98.722	861	11	0	48865	49725	1	861	0.0	1530
NC_018659.1	gb|JX050178.1|+|1-853|ARO:3001058|TEM-199	98.944	852	9	0	48874	49725	1	852	0.0	1524
NC_018659.1	gb|AY628176.1|+|75-936|ARO:3000987|TEM-125	98.606	861	12	0	48865	49725	1	861	0.0	1524
NC_018659.1	gb|AY327539.1|+|0-858|ARO:3000985|TEM-123	98.606	861	9	1	48865	49725	1	858	0.0	1520
NC_018659.1	gb|JN935137.1|+|0-861|ARO:3001055|TEM-195	98.374	861	14	0	48865	49725	1	861	0.0	1513
NC_018659.1	gb|AY649755.2|+|1640-2516|ARO:3001899|CTX-M-37	97.829	875	19	0	45169	46043	875	1	0.0	1511
NC_018659.1	gb|AF047171.1|+|135-996|ARO:3000929|TEM-60	98.258	861	15	0	48865	49725	1	861	0.0	1507
NC_018659.1	gb|X98047.1|+|0-843|ARO:3000911|TEM-42	98.814	843	10	0	48874	49716	1	843	0.0	1502
NC_018659.1	gb|AY598759.1|+|0-876|ARO:3001873|CTX-M-10	97.489	876	22	0	45168	46043	876	1	0.0	1496
NC_018659.1	gb|AF062386.1|+|31-862|ARO:3000928|TEM-59	99.158	831	7	0	48865	49695	1	831	0.0	1496
NC_018659.1	gb|AY515297.1|+|0-876|ARO:3001896|CTX-M-34	97.374	876	23	0	45168	46043	876	1	0.0	1491
NC_018659.1	gb|AY039040.1|+|188-1022|ARO:3000956|TEM-89	98.921	834	9	0	48865	49698	1	834	0.0	1491
NC_018659.1	gb|DQ268764.2|+|5891-6767|ARO:3001915|CTX-M-53	97.371	875	23	0	45169	46043	875	1	0.0	1489
NC_018659.1	gb|JN935135.1|+|0-861|ARO:3001053|TEM-193	97.796	862	17	2	48865	49725	1	861	0.0	1485
NC_018659.1	gb|JN935136.1|+|0-861|ARO:3001054|TEM-194	97.329	861	23	0	48865	49725	1	861	0.0	1463
NC_018659.1	gb|EU177100.1|+|4-880|ARO:3001929|CTX-M-68	96.804	876	28	0	45168	46043	876	1	0.0	1463
NC_018659.1	gb|X97254.1|+|153-1011|ARO:3001043|TEM-178	97.332	862	18	3	48865	49725	1	858	0.0	1459
NC_018659.1	gb|AY130285.1|+|0-783|ARO:3000981|TEM-118	99.234	783	6	0	48901	49683	1	783	0.0	1413
NC_018659.1	gb|AF527798.1|+|0-783|ARO:3000879|TEM-7	99.234	783	6	0	48901	49683	1	783	0.0	1413
NC_018659.1	gb|AY130284.1|+|0-783|ARO:3000941|TEM-75	99.106	783	7	0	48901	49683	1	783	0.0	1408
NC_018659.1	gb|AY130282.1|+|0-762|ARO:3000980|TEM-117	99.606	762	3	0	48901	49662	1	762	0.0	1391
NC_018659.1	gb|JF949915.1|+|1-754|ARO:3001052|TEM-192	99.867	753	1	0	48895	49647	1	753	0.0	1386
NC_018659.1	gb|JX313020.1|+|0-876|ARO:3001991|CTX-M-132	93.166	878	56	3	45168	46043	876	1	0.0	1286
NC_018659.1	gb|JN790864.1|+|238-1114|ARO:3001982|CTX-M-123	90.319	878	81	3	45168	46043	876	1	0.0	1147
NC_018659.1	gb|NG_068167.1|+|0-876|ARO:3002010|CTX-M-153	90.205	878	82	3	45168	46043	876	1	0.0	1142
